InvoiceNo,CustomerID,InvoiceDate,Quantity,UnitPrice,TotalPurchaseValue,ProductCategory,Country
INV000253,CUST0105,2023-01-01 11:34:00,5,299.18,1495.9,Clothing,Spain
INV002273,CUST0134,2023-01-01 12:45:00,4,88.81,355.24,Electronics,Netherlands
INV001428,CUST0154,2023-01-01 18:06:00,4,78.15,312.6,Beauty,United Kingdom
INV002088,CUST0041,2023-01-01 22:24:00,1,23.01,23.01,Beauty,United Kingdom
INV001505,CUST0117,2023-01-02 08:44:00,4,110.05,440.2,Clothing,Spain
INV001137,CUST0179,2023-01-02 08:48:00,14,252.31,3532.34,Beauty,United Kingdom
INV002647,CUST0164,2023-01-02 21:01:00,1,70.66,70.66,Clothing,Germany
INV002588,CUST0225,2023-01-03 03:22:00,3,61.81,185.43,Clothing,Spain
INV001491,CUST0047,2023-01-03 13:38:00,6,61.16,366.96,Electronics,Spain
INV001069,CUST0240,2023-01-03 18:39:00,3,41.73,125.19,Clothing,United Kingdom
INV002404,CUST0226,2023-01-04 01:59:00,1,43.6,43.6,Sports,United Kingdom
INV002229,CUST0164,2023-01-04 08:24:00,5,81.25,406.25,Clothing,United Kingdom
INV000497,CUST0220,2023-01-04 09:38:00,3,149.32,447.96,Clothing,Spain
INV001013,CUST0038,2023-01-04 11:55:00,5,50.75,253.75,Clothing,United Kingdom
INV002909,CUST0178,2023-01-04 14:16:00,1,85.75,85.75,Electronics,United Kingdom
INV001972,CUST0176,2023-01-04 19:30:00,1,54.03,54.03,Clothing,Germany
INV001992,CUST0082,2023-01-04 22:53:00,3,47.92,143.76,Clothing,Spain
INV002044,CUST0122,2023-01-04 23:54:00,6,113.74,682.44,Clothing,United Kingdom
INV001242,CUST0051,2023-01-05 01:23:00,6,190.12,1140.72,Home & Kitchen,Germany
INV002767,CUST0196,2023-01-05 04:11:00,2,72.68,145.36,Beauty,United Kingdom
INV002722,CUST0104,2023-01-05 04:22:00,3,80.21,240.63,Clothing,United Kingdom
INV000138,CUST0126,2023-01-05 19:51:00,1,78.75,78.75,Beauty,United Kingdom
INV000451,CUST0014,2023-01-05 21:12:00,1,56.79,56.79,Beauty,United Kingdom
INV002216,CUST0145,2023-01-06 02:12:00,4,56.48,225.92,Home & Kitchen,United Kingdom
INV000736,CUST0187,2023-01-06 05:40:00,7,121.72,852.04,Clothing,United Kingdom
INV001397,CUST0011,2023-01-07 02:50:00,1,54.91,54.91,Electronics,United Kingdom
INV000085,CUST0235,2023-01-07 03:36:00,1,27.9,27.9,Electronics,United Kingdom
INV000756,CUST0229,2023-01-07 08:18:00,3,129.36,388.08,Sports,Netherlands
INV001516,CUST0223,2023-01-07 18:57:00,1,43.02,43.02,Sports,United Kingdom
INV002087,CUST0127,2023-01-07 21:43:00,8,142.65,1141.2,Clothing,Netherlands
INV000233,CUST0044,2023-01-08 07:25:00,13,189.26,2460.38,Electronics,France
INV002658,CUST0049,2023-01-09 07:13:00,3,38.02,114.06,Beauty,United Kingdom
INV001525,CUST0017,2023-01-09 09:33:00,2,96.09,192.18,Beauty,Germany
INV001812,CUST0088,2023-01-09 10:05:00,2,79.31,158.62,Beauty,United Kingdom
INV001331,CUST0235,2023-01-09 19:20:00,1,38.36,38.36,Electronics,United Kingdom
INV000803,CUST0121,2023-01-09 20:12:00,3,107.27,321.81,Clothing,Germany
INV001259,CUST0165,2023-01-10 13:41:00,1,28.06,28.06,Electronics,France
INV002292,CUST0069,2023-01-10 14:36:00,1,80.2,80.2,Clothing,Germany
INV001740,CUST0093,2023-01-10 17:34:00,4,160.94,643.76,Electronics,Germany
INV002499,CUST0196,2023-01-10 18:18:00,4,71.15,284.6,Electronics,Germany
INV001253,CUST0120,2023-01-10 22:57:00,6,86.93,521.58,Home & Kitchen,United Kingdom
INV001607,CUST0153,2023-01-10 23:58:00,1,29.92,29.92,Electronics,France
INV001004,CUST0196,2023-01-11 05:11:00,3,55.87,167.61,Electronics,France
INV000456,CUST0054,2023-01-11 11:25:00,4,103.2,412.8,Beauty,United Kingdom
INV002856,CUST0191,2023-01-11 11:39:00,1,54.8,54.8,Electronics,United Kingdom
INV002458,CUST0012,2023-01-11 19:53:00,7,147.27,1030.89,Electronics,Germany
INV000899,CUST0203,2023-01-11 20:07:00,1,41.27,41.27,Electronics,United Kingdom
INV002498,CUST0125,2023-01-12 01:49:00,3,51.16,153.48,Home & Kitchen,United Kingdom
INV001375,CUST0173,2023-01-12 02:29:00,2,68.55,137.1,Clothing,United Kingdom
INV002824,CUST0238,2023-01-12 19:12:00,1,42.66,42.66,Beauty,Spain
INV001067,CUST0236,2023-01-13 02:25:00,2,154.03,308.06,Clothing,Netherlands
INV000121,CUST0090,2023-01-13 04:32:00,1,80.97,80.97,Beauty,France
INV002920,CUST0014,2023-01-13 04:43:00,2,37.21,74.42,Sports,Germany
INV002094,CUST0246,2023-01-13 05:57:00,10,316.97,3169.7,Beauty,United Kingdom
INV000017,CUST0024,2023-01-13 08:51:00,3,59.19,177.57,Beauty,Netherlands
INV002008,CUST0088,2023-01-13 08:58:00,2,70.8,141.6,Home & Kitchen,Germany
INV001274,CUST0112,2023-01-13 15:43:00,2,49.11,98.22,Sports,Spain
INV000251,CUST0162,2023-01-13 17:28:00,2,110.72,221.44,Sports,Germany
INV000710,CUST0063,2023-01-13 18:51:00,3,148.86,446.58,Clothing,United Kingdom
INV002180,CUST0018,2023-01-13 20:36:00,2,69.95,139.9,Clothing,United Kingdom
INV000938,CUST0165,2023-01-13 20:46:00,1,63.87,63.87,Clothing,United Kingdom
INV000948,CUST0042,2023-01-14 04:40:00,4,71.58,286.32,Home & Kitchen,France
INV002689,CUST0116,2023-01-14 11:00:00,8,107.97,863.76,Electronics,France
INV001346,CUST0042,2023-01-14 18:06:00,1,109.15,109.15,Home & Kitchen,Spain
INV001546,CUST0004,2023-01-15 03:35:00,5,54.92,274.6,Sports,United Kingdom
INV000375,CUST0083,2023-01-15 03:39:00,2,96.03,192.06,Beauty,France
INV000352,CUST0146,2023-01-15 06:37:00,3,39.2,117.6,Clothing,United Kingdom
INV000718,CUST0113,2023-01-15 09:40:00,7,135.89,951.23,Home & Kitchen,Germany
INV002003,CUST0169,2023-01-15 15:10:00,1,25.98,25.98,Home & Kitchen,United Kingdom
INV000047,CUST0250,2023-01-16 00:44:00,5,120.87,604.35,Electronics,United Kingdom
INV001085,CUST0206,2023-01-16 00:47:00,2,47.6,95.2,Beauty,Germany
INV000645,CUST0194,2023-01-16 06:12:00,3,83.27,249.81,Beauty,United Kingdom
INV002021,CUST0161,2023-01-16 07:07:00,2,55.18,110.36,Clothing,United Kingdom
INV000351,CUST0075,2023-01-16 12:02:00,3,121.74,365.22,Beauty,United Kingdom
INV001319,CUST0115,2023-01-16 14:39:00,3,83.26,249.78,Sports,Spain
INV002208,CUST0014,2023-01-17 04:20:00,1,34.12,34.12,Electronics,United Kingdom
INV002796,CUST0007,2023-01-17 16:32:00,1,28.78,28.78,Sports,Germany
INV002415,CUST0199,2023-01-17 17:30:00,5,144.54,722.7,Clothing,United Kingdom
INV000581,CUST0162,2023-01-17 18:26:00,4,67.87,271.48,Beauty,United Kingdom
INV001729,CUST0176,2023-01-17 19:03:00,2,51.54,103.08,Beauty,United Kingdom
INV002127,CUST0156,2023-01-18 00:32:00,1,50.33,50.33,Home & Kitchen,Germany
INV000866,CUST0047,2023-01-18 04:12:00,4,43.85,175.4,Home & Kitchen,Spain
INV001324,CUST0194,2023-01-18 07:41:00,3,97.55,292.65,Electronics,Germany
INV001544,CUST0120,2023-01-18 09:09:00,4,66.81,267.24,Clothing,United Kingdom
INV000432,CUST0160,2023-01-18 11:51:00,8,97.19,777.52,Beauty,Spain
INV000203,CUST0004,2023-01-19 02:09:00,3,36.69,110.07,Sports,United Kingdom
INV002554,CUST0118,2023-01-19 04:52:00,1,65.94,65.94,Clothing,France
INV002141,CUST0213,2023-01-19 07:05:00,4,77.52,310.08,Clothing,Spain
INV000945,CUST0132,2023-01-19 14:07:00,1,59.43,59.43,Clothing,United Kingdom
INV000483,CUST0220,2023-01-19 16:04:00,5,189.42,947.1,Home & Kitchen,France
INV001741,CUST0115,2023-01-19 22:59:00,1,52.23,52.23,Clothing,United Kingdom
INV000997,CUST0038,2023-01-20 02:36:00,1,53.0,53.0,Sports,United Kingdom
INV002331,CUST0242,2023-01-20 16:53:00,4,201.44,805.76,Home & Kitchen,United Kingdom
INV000021,CUST0086,2023-01-20 16:54:00,1,61.73,61.73,Clothing,United Kingdom
INV000442,CUST0164,2023-01-20 23:22:00,2,53.73,107.46,Electronics,Spain
INV001448,CUST0172,2023-01-21 06:23:00,1,38.76,38.76,Home & Kitchen,United Kingdom
INV002712,CUST0140,2023-01-21 08:23:00,7,126.48,885.36,Sports,United Kingdom
INV002858,CUST0160,2023-01-21 15:32:00,4,101.86,407.44,Home & Kitchen,United Kingdom
INV000584,CUST0003,2023-01-21 17:42:00,4,137.86,551.44,Home & Kitchen,United Kingdom
INV000778,CUST0111,2023-01-21 18:24:00,3,97.77,293.31,Clothing,United Kingdom
INV000658,CUST0095,2023-01-22 08:23:00,1,141.1,141.1,Sports,United Kingdom
INV002283,CUST0026,2023-01-22 09:25:00,5,109.82,549.1,Clothing,United Kingdom
INV000161,CUST0086,2023-01-22 20:53:00,1,41.09,41.09,Home & Kitchen,United Kingdom
INV002528,CUST0141,2023-01-22 23:30:00,10,175.58,1755.8,Home & Kitchen,United Kingdom
INV002945,CUST0237,2023-01-23 09:57:00,1,60.95,60.95,Electronics,United Kingdom
INV001474,CUST0081,2023-01-23 15:16:00,5,146.96,734.8,Home & Kitchen,United Kingdom
INV001146,CUST0161,2023-01-23 19:29:00,1,65.9,65.9,Clothing,United Kingdom
INV001120,CUST0063,2023-01-24 14:30:00,4,96.97,387.88,Electronics,United Kingdom
INV000906,CUST0095,2023-01-24 14:35:00,4,137.31,549.24,Clothing,United Kingdom
INV001765,CUST0045,2023-01-24 16:10:00,1,93.1,93.1,Electronics,United Kingdom
INV002006,CUST0214,2023-01-25 01:11:00,1,53.35,53.35,Clothing,United Kingdom
INV002359,CUST0076,2023-01-25 02:44:00,2,145.92,291.84,Electronics,United Kingdom
INV001332,CUST0238,2023-01-25 08:38:00,2,36.53,73.06,Home & Kitchen,France
INV000965,CUST0153,2023-01-25 15:56:00,3,46.62,139.86,Clothing,United Kingdom
INV002439,CUST0200,2023-01-25 21:45:00,3,144.08,432.24,Clothing,United Kingdom
INV000981,CUST0135,2023-01-26 20:29:00,9,200.32,1802.88,Electronics,United Kingdom
INV002980,CUST0113,2023-01-27 00:48:00,6,116.35,698.1,Home & Kitchen,United Kingdom
INV002514,CUST0146,2023-01-27 09:04:00,1,22.69,22.69,Sports,United Kingdom
INV002454,CUST0117,2023-01-27 13:58:00,6,147.27,883.62,Clothing,United Kingdom
INV002084,CUST0154,2023-01-27 14:06:00,2,42.61,85.22,Clothing,United Kingdom
INV000394,CUST0167,2023-01-27 14:49:00,1,61.1,61.1,Clothing,Germany
INV002859,CUST0093,2023-01-27 16:49:00,4,161.16,644.64,Beauty,United Kingdom
INV001734,CUST0081,2023-01-28 07:15:00,6,137.43,824.58,Electronics,United Kingdom
INV002572,CUST0154,2023-01-28 09:26:00,3,88.45,265.35,Beauty,France
INV001965,CUST0017,2023-01-28 11:13:00,3,79.05,237.15,Clothing,United Kingdom
INV002684,CUST0209,2023-01-29 04:21:00,1,55.14,55.14,Home & Kitchen,Germany
INV001629,CUST0184,2023-01-29 21:58:00,5,118.81,594.05,Sports,Germany
INV000176,CUST0218,2023-01-29 23:17:00,5,75.0,375.0,Electronics,United Kingdom
INV000115,CUST0120,2023-01-30 03:12:00,2,47.22,94.44,Clothing,Germany
INV000921,CUST0035,2023-01-30 09:07:00,4,329.0,1316.0,Beauty,United Kingdom
INV001272,CUST0085,2023-01-30 18:07:00,3,76.36,229.08,Electronics,Germany
INV000308,CUST0140,2023-01-30 19:37:00,11,262.07,2882.77,Electronics,Germany
INV002202,CUST0041,2023-01-31 06:12:00,3,56.98,170.94,Sports,Spain
INV002276,CUST0148,2023-01-31 07:23:00,2,46.47,92.94,Home & Kitchen,United Kingdom
INV001908,CUST0208,2023-02-01 00:07:00,10,81.36,813.6,Clothing,United Kingdom
INV002452,CUST0198,2023-02-01 02:40:00,6,109.08,654.48,Beauty,France
INV001551,CUST0210,2023-02-01 07:55:00,1,47.45,47.45,Home & Kitchen,Netherlands
INV000541,CUST0240,2023-02-01 09:42:00,1,33.05,33.05,Electronics,Germany
INV001087,CUST0041,2023-02-01 15:50:00,1,56.08,56.08,Beauty,United Kingdom
INV002739,CUST0032,2023-02-02 02:27:00,1,52.49,52.49,Electronics,France
INV001368,CUST0098,2023-02-02 03:58:00,1,59.17,59.17,Clothing,Germany
INV001221,CUST0087,2023-02-02 08:48:00,4,151.0,604.0,Beauty,Germany
INV000342,CUST0167,2023-02-02 09:36:00,3,52.92,158.76,Electronics,Netherlands
INV000174,CUST0204,2023-02-02 17:47:00,6,96.97,581.82,Beauty,United Kingdom
INV001103,CUST0182,2023-02-03 17:01:00,1,30.62,30.62,Sports,Germany
INV000370,CUST0194,2023-02-04 00:35:00,1,72.37,72.37,Clothing,France
INV000349,CUST0221,2023-02-04 05:11:00,3,101.38,304.14,Clothing,Germany
INV001777,CUST0045,2023-02-04 05:53:00,2,45.32,90.64,Sports,Netherlands
INV002207,CUST0111,2023-02-04 14:44:00,3,66.04,198.12,Electronics,France
INV001216,CUST0211,2023-02-05 14:18:00,2,70.38,140.76,Clothing,Netherlands
INV002948,CUST0082,2023-02-05 20:39:00,2,63.3,126.6,Clothing,United Kingdom
INV000782,CUST0034,2023-02-06 06:32:00,6,403.3,2419.8,Beauty,Germany
INV002496,CUST0034,2023-02-06 10:55:00,5,268.55,1342.75,Home & Kitchen,Spain
INV000880,CUST0134,2023-02-06 11:57:00,5,81.84,409.2,Electronics,United Kingdom
INV001090,CUST0151,2023-02-06 13:36:00,13,392.05,5096.65,Electronics,Spain
INV000954,CUST0104,2023-02-06 16:21:00,4,74.87,299.48,Clothing,United Kingdom
INV002755,CUST0085,2023-02-06 18:24:00,1,84.82,84.82,Clothing,United Kingdom
INV002877,CUST0056,2023-02-06 18:34:00,2,238.93,477.86,Electronics,Spain
INV002277,CUST0114,2023-02-06 18:50:00,2,166.84,333.68,Home & Kitchen,Spain
INV001893,CUST0175,2023-02-07 05:49:00,2,60.99,121.98,Beauty,United Kingdom
INV000615,CUST0079,2023-02-07 07:53:00,3,102.1,306.3,Home & Kitchen,United Kingdom
INV001156,CUST0049,2023-02-07 09:56:00,4,96.54,386.16,Home & Kitchen,Germany
INV002839,CUST0025,2023-02-07 21:01:00,1,87.92,87.92,Home & Kitchen,France
INV002214,CUST0231,2023-02-08 01:50:00,7,61.25,428.75,Electronics,Germany
INV001376,CUST0145,2023-02-08 10:42:00,2,66.86,133.72,Sports,United Kingdom
INV002123,CUST0056,2023-02-08 10:47:00,6,256.14,1536.84,Home & Kitchen,United Kingdom
INV001122,CUST0025,2023-02-08 19:31:00,1,86.42,86.42,Clothing,United Kingdom
INV000773,CUST0138,2023-02-08 21:25:00,6,143.19,859.14,Beauty,Germany
INV000216,CUST0140,2023-02-09 12:58:00,7,123.23,862.61,Clothing,Netherlands
INV001574,CUST0244,2023-02-09 15:11:00,3,63.31,189.93,Sports,United Kingdom
INV000210,CUST0220,2023-02-09 22:03:00,5,127.61,638.05,Electronics,Germany
INV002264,CUST0165,2023-02-10 21:23:00,1,48.25,48.25,Home & Kitchen,Netherlands
INV002569,CUST0152,2023-02-11 04:42:00,1,68.36,68.36,Beauty,United Kingdom
INV002995,CUST0058,2023-02-11 06:01:00,3,42.8,128.4,Electronics,France
INV000473,CUST0008,2023-02-11 08:12:00,3,113.69,341.07,Electronics,United Kingdom
INV001446,CUST0229,2023-02-11 08:39:00,6,204.55,1227.3,Clothing,Spain
INV000372,CUST0029,2023-02-11 18:32:00,4,69.68,278.72,Home & Kitchen,United Kingdom
INV000002,CUST0213,2023-02-12 00:44:00,4,110.07,440.28,Electronics,United Kingdom
INV001458,CUST0049,2023-02-12 17:02:00,2,53.78,107.56,Sports,United Kingdom
INV001160,CUST0105,2023-02-12 17:39:00,13,285.88,3716.44,Electronics,United Kingdom
INV002078,CUST0084,2023-02-12 17:49:00,1,55.58,55.58,Beauty,United Kingdom
INV000168,CUST0241,2023-02-12 19:34:00,6,190.38,1142.28,Home & Kitchen,France
INV000042,CUST0050,2023-02-13 00:41:00,1,50.13,50.13,Beauty,United Kingdom
INV001841,CUST0012,2023-02-13 01:34:00,8,160.52,1284.16,Electronics,Netherlands
INV002805,CUST0130,2023-02-13 11:43:00,3,112.38,337.14,Electronics,United Kingdom
INV000901,CUST0152,2023-02-13 13:32:00,1,22.47,22.47,Home & Kitchen,United Kingdom
INV001518,CUST0116,2023-02-13 13:37:00,6,193.1,1158.6,Clothing,Germany
INV000127,CUST0127,2023-02-13 14:52:00,4,121.47,485.88,Electronics,Germany
INV002227,CUST0204,2023-02-14 20:27:00,6,120.46,722.76,Clothing,United Kingdom
INV001934,CUST0027,2023-02-14 21:20:00,1,53.74,53.74,Electronics,United Kingdom
INV001762,CUST0169,2023-02-15 00:37:00,2,54.5,109.0,Beauty,France
INV002250,CUST0171,2023-02-15 07:42:00,6,139.03,834.18,Home & Kitchen,United Kingdom
INV002231,CUST0151,2023-02-15 11:52:00,12,287.93,3455.16,Home & Kitchen,United Kingdom
INV001134,CUST0171,2023-02-16 03:30:00,6,174.07,1044.42,Home & Kitchen,United Kingdom
INV001835,CUST0228,2023-02-16 06:43:00,2,102.81,205.62,Clothing,United Kingdom
INV001485,CUST0143,2023-02-16 19:23:00,3,52.34,157.02,Clothing,United Kingdom
INV001910,CUST0187,2023-02-17 01:10:00,5,117.63,588.15,Sports,United Kingdom
INV000212,CUST0160,2023-02-17 03:07:00,2,79.04,158.08,Electronics,United Kingdom
INV001151,CUST0150,2023-02-18 13:13:00,2,62.28,124.56,Beauty,Netherlands
INV000507,CUST0047,2023-02-18 19:32:00,3,69.99,209.97,Clothing,Spain
INV000025,CUST0155,2023-02-19 02:12:00,13,187.74,2440.62,Clothing,United Kingdom
INV002197,CUST0119,2023-02-19 03:09:00,3,172.25,516.75,Beauty,Netherlands
INV001153,CUST0156,2023-02-19 13:05:00,3,33.12,99.36,Home & Kitchen,United Kingdom
INV001080,CUST0122,2023-02-19 19:40:00,2,103.57,207.14,Beauty,Germany
INV000393,CUST0182,2023-02-19 21:13:00,1,34.46,34.46,Home & Kitchen,United Kingdom
INV002068,CUST0072,2023-02-20 05:19:00,1,67.4,67.4,Electronics,Germany
INV002973,CUST0180,2023-02-20 05:45:00,1,34.38,34.38,Electronics,Spain
INV002770,CUST0006,2023-02-20 14:32:00,1,30.78,30.78,Home & Kitchen,France
INV000830,CUST0223,2023-02-20 16:35:00,2,49.87,99.74,Electronics,Spain
INV002984,CUST0120,2023-02-20 20:30:00,2,82.9,165.8,Electronics,Spain
INV002674,CUST0125,2023-02-21 01:44:00,1,39.73,39.73,Beauty,United Kingdom
INV001737,CUST0045,2023-02-21 06:47:00,2,56.78,113.56,Electronics,Spain
INV001515,CUST0082,2023-02-21 14:03:00,1,66.39,66.39,Beauty,United Kingdom
INV002261,CUST0175,2023-02-21 16:35:00,2,74.67,149.34,Clothing,Germany
INV002853,CUST0146,2023-02-22 08:38:00,2,44.02,88.04,Beauty,United Kingdom
INV000348,CUST0215,2023-02-22 09:58:00,4,106.04,424.16,Clothing,United Kingdom
INV002356,CUST0047,2023-02-22 12:27:00,1,40.04,40.04,Sports,United Kingdom
INV002601,CUST0150,2023-02-22 15:36:00,2,61.49,122.98,Electronics,United Kingdom
INV002351,CUST0114,2023-02-23 06:41:00,6,8.61,51.66,Beauty,Netherlands
INV000332,CUST0228,2023-02-23 18:32:00,2,39.53,79.06,Beauty,United Kingdom
INV001856,CUST0204,2023-02-23 22:55:00,5,65.79,328.95,Electronics,Germany
INV002176,CUST0125,2023-02-24 07:51:00,3,50.99,152.97,Electronics,Germany
INV002845,CUST0032,2023-02-24 11:18:00,1,59.28,59.28,Beauty,United Kingdom
INV001832,CUST0196,2023-02-24 14:08:00,4,80.15,320.6,Clothing,United Kingdom
INV000480,CUST0060,2023-02-24 19:51:00,4,37.0,148.0,Sports,Spain
INV000791,CUST0101,2023-02-25 01:45:00,1,37.87,37.87,Beauty,United Kingdom
INV002091,CUST0014,2023-02-25 11:30:00,1,62.64,62.64,Home & Kitchen,Netherlands
INV000269,CUST0101,2023-02-25 12:37:00,1,29.74,29.74,Home & Kitchen,Germany
INV000419,CUST0190,2023-02-25 15:40:00,1,58.22,58.22,Electronics,Germany
INV001647,CUST0117,2023-02-25 22:11:00,4,88.12,352.48,Clothing,Spain
INV002187,CUST0008,2023-02-25 23:15:00,5,114.69,573.45,Beauty,France
INV002810,CUST0210,2023-02-26 05:51:00,1,34.45,34.45,Beauty,France
INV002738,CUST0231,2023-02-26 10:22:00,4,150.05,600.2,Home & Kitchen,United Kingdom
INV001032,CUST0155,2023-02-26 10:53:00,14,199.53,2793.42,Clothing,United Kingdom
INV001917,CUST0001,2023-02-26 16:30:00,3,72.45,217.35,Sports,Netherlands
INV000414,CUST0167,2023-02-27 05:18:00,4,80.79,323.16,Beauty,United Kingdom
INV000152,CUST0022,2023-02-27 12:19:00,1,19.13,19.13,Beauty,Germany
INV000367,CUST0178,2023-02-27 17:40:00,1,50.5,50.5,Clothing,Netherlands
INV000947,CUST0237,2023-02-27 18:43:00,4,5.0,20.0,Beauty,United Kingdom
INV000466,CUST0016,2023-02-28 08:03:00,1,47.8,47.8,Beauty,France
INV002318,CUST0038,2023-02-28 14:28:00,2,55.99,111.98,Sports,United Kingdom
INV000591,CUST0133,2023-02-28 18:10:00,1,54.26,54.26,Clothing,United Kingdom
INV000703,CUST0047,2023-02-28 20:48:00,2,76.31,152.62,Home & Kitchen,United Kingdom
INV001077,CUST0241,2023-02-28 22:08:00,15,255.82,3837.3,Sports,United Kingdom
INV000742,CUST0151,2023-03-01 12:00:00,7,165.5,1158.5,Beauty,United Kingdom
INV002201,CUST0237,2023-03-02 03:00:00,1,46.85,46.85,Sports,United Kingdom
INV001680,CUST0145,2023-03-02 18:37:00,2,83.19,166.38,Sports,United Kingdom
INV002155,CUST0050,2023-03-02 20:34:00,2,54.16,108.32,Beauty,France
INV000845,CUST0062,2023-03-03 04:46:00,2,60.93,121.86,Beauty,France
INV001058,CUST0190,2023-03-03 05:25:00,3,59.28,177.84,Electronics,United Kingdom
INV001793,CUST0002,2023-03-03 08:14:00,6,287.77,1726.62,Home & Kitchen,United Kingdom
INV000626,CUST0030,2023-03-03 12:38:00,3,57.17,171.51,Beauty,France
INV000775,CUST0233,2023-03-03 19:41:00,1,75.33,75.33,Sports,United Kingdom
INV001558,CUST0194,2023-03-04 08:52:00,3,74.05,222.15,Home & Kitchen,France
INV000603,CUST0066,2023-03-04 14:25:00,4,73.18,292.72,Clothing,United Kingdom
INV002071,CUST0062,2023-03-04 15:05:00,1,48.29,48.29,Electronics,France
INV001093,CUST0101,2023-03-04 15:22:00,1,54.74,54.74,Beauty,France
INV002557,CUST0220,2023-03-05 05:20:00,6,139.45,836.7,Home & Kitchen,Germany
INV002851,CUST0078,2023-03-05 17:27:00,1,53.11,53.11,Beauty,Spain
INV000511,CUST0056,2023-03-05 19:10:00,12,129.35,1552.2,Electronics,United Kingdom
INV001663,CUST0005,2023-03-06 04:02:00,3,36.5,109.5,Home & Kitchen,Spain
INV000183,CUST0222,2023-03-06 18:25:00,4,91.37,365.48,Beauty,Netherlands
INV000408,CUST0148,2023-03-06 21:48:00,1,59.14,59.14,Sports,France
INV002832,CUST0141,2023-03-06 21:55:00,10,134.25,1342.5,Sports,United Kingdom
INV000241,CUST0242,2023-03-06 22:30:00,2,227.68,455.36,Clothing,United Kingdom
INV001560,CUST0227,2023-03-07 01:26:00,4,189.99,759.96,Home & Kitchen,United Kingdom
INV000585,CUST0123,2023-03-07 08:27:00,2,103.23,206.46,Home & Kitchen,France
INV001367,CUST0168,2023-03-07 11:26:00,1,48.46,48.46,Clothing,Germany
INV001788,CUST0158,2023-03-07 15:38:00,4,92.31,369.24,Beauty,Spain
INV002691,CUST0150,2023-03-07 20:50:00,4,100.44,401.76,Home & Kitchen,United Kingdom
INV000706,CUST0239,2023-03-07 21:19:00,4,73.04,292.16,Beauty,United Kingdom
INV001105,CUST0115,2023-03-07 23:37:00,4,57.32,229.28,Sports,United Kingdom
INV002542,CUST0007,2023-03-08 13:18:00,4,45.19,180.76,Clothing,France
INV000722,CUST0047,2023-03-08 17:42:00,5,79.64,398.2,Beauty,United Kingdom
INV002939,CUST0133,2023-03-09 02:44:00,1,51.88,51.88,Sports,Germany
INV000062,CUST0092,2023-03-09 07:01:00,3,139.02,417.06,Electronics,Spain
INV000429,CUST0058,2023-03-09 10:01:00,1,33.6,33.6,Beauty,United Kingdom
INV001248,CUST0035,2023-03-09 13:15:00,5,290.04,1450.2,Clothing,United Kingdom
INV000226,CUST0012,2023-03-09 18:42:00,4,261.56,1046.24,Electronics,United Kingdom
INV000763,CUST0086,2023-03-09 20:51:00,3,75.72,227.16,Beauty,Netherlands
INV001755,CUST0080,2023-03-09 22:20:00,2,38.24,76.48,Sports,Germany
INV002323,CUST0045,2023-03-09 22:52:00,5,119.87,599.35,Beauty,Germany
INV001732,CUST0197,2023-03-10 05:50:00,6,148.16,888.96,Clothing,Germany
INV002047,CUST0226,2023-03-10 06:21:00,1,45.84,45.84,Clothing,Netherlands
INV002983,CUST0017,2023-03-10 17:26:00,2,86.98,173.96,Electronics,United Kingdom
INV001198,CUST0246,2023-03-10 18:38:00,8,182.35,1458.8,Electronics,United Kingdom
INV002742,CUST0016,2023-03-11 10:05:00,1,42.8,42.8,Clothing,Germany
INV000267,CUST0164,2023-03-11 16:42:00,2,41.27,82.54,Sports,Netherlands
INV002145,CUST0024,2023-03-11 20:35:00,4,94.81,379.24,Electronics,United Kingdom
INV001604,CUST0146,2023-03-12 04:57:00,1,50.14,50.14,Clothing,United Kingdom
INV001089,CUST0011,2023-03-12 08:21:00,2,46.46,92.92,Clothing,United Kingdom
INV000937,CUST0213,2023-03-12 13:27:00,10,121.68,1216.8,Beauty,United Kingdom
INV001222,CUST0055,2023-03-12 18:23:00,1,80.06,80.06,Beauty,United Kingdom
INV002576,CUST0050,2023-03-12 20:47:00,2,39.28,78.56,Clothing,United Kingdom
INV000405,CUST0220,2023-03-12 23:17:00,5,112.35,561.75,Clothing,Germany
INV000677,CUST0051,2023-03-12 23:22:00,9,100.17,901.53,Electronics,United Kingdom
INV001761,CUST0048,2023-03-13 00:24:00,4,83.56,334.24,Electronics,United Kingdom
INV002305,CUST0226,2023-03-13 05:27:00,3,59.04,177.12,Electronics,Spain
INV001154,CUST0114,2023-03-13 13:30:00,9,138.42,1245.78,Electronics,United Kingdom
INV001476,CUST0229,2023-03-13 16:52:00,8,95.36,762.88,Clothing,Germany
INV002868,CUST0211,2023-03-13 18:25:00,4,43.83,175.32,Electronics,Germany
INV002974,CUST0157,2023-03-13 21:03:00,5,101.27,506.35,Beauty,United Kingdom
INV002694,CUST0036,2023-03-14 02:37:00,5,171.25,856.25,Electronics,United Kingdom
INV001064,CUST0060,2023-03-14 09:35:00,6,59.4,356.4,Electronics,Netherlands
INV000537,CUST0105,2023-03-14 13:48:00,8,231.09,1848.72,Beauty,France
INV002524,CUST0095,2023-03-14 16:12:00,4,156.33,625.32,Clothing,Germany
INV001645,CUST0063,2023-03-14 18:14:00,2,128.38,256.76,Sports,France
INV000526,CUST0085,2023-03-14 20:26:00,5,99.37,496.85,Home & Kitchen,United Kingdom
INV000728,CUST0028,2023-03-14 20:55:00,4,71.98,287.92,Electronics,Germany
INV000716,CUST0001,2023-03-15 02:22:00,2,84.52,169.04,Beauty,United Kingdom
INV002884,CUST0149,2023-03-15 14:00:00,1,58.68,58.68,Clothing,Spain
INV001971,CUST0166,2023-03-16 05:19:00,3,107.67,323.01,Beauty,United Kingdom
INV000532,CUST0027,2023-03-16 17:33:00,4,54.12,216.48,Electronics,France
INV002159,CUST0105,2023-03-16 21:33:00,7,272.69,1908.83,Clothing,France
INV000646,CUST0205,2023-03-18 04:01:00,3,56.92,170.76,Clothing,United Kingdom
INV002612,CUST0078,2023-03-18 08:29:00,1,49.41,49.41,Clothing,United Kingdom
INV002734,CUST0198,2023-03-18 09:48:00,4,61.98,247.92,Beauty,United Kingdom
INV002011,CUST0076,2023-03-18 17:41:00,6,91.56,549.36,Beauty,Germany
INV002505,CUST0157,2023-03-19 04:36:00,8,128.95,1031.6,Beauty,Germany
INV001254,CUST0046,2023-03-19 04:54:00,2,75.92,151.84,Beauty,United Kingdom
INV002388,CUST0013,2023-03-19 15:22:00,7,119.25,834.75,Electronics,United Kingdom
INV001098,CUST0182,2023-03-19 21:43:00,1,41.35,41.35,Beauty,United Kingdom
INV002997,CUST0232,2023-03-20 04:20:00,4,40.05,160.2,Electronics,Germany
INV002308,CUST0029,2023-03-20 13:50:00,3,44.02,132.06,Clothing,Germany
INV001298,CUST0137,2023-03-20 17:28:00,4,90.34,361.36,Clothing,United Kingdom
INV001532,CUST0045,2023-03-20 18:00:00,3,106.52,319.56,Sports,United Kingdom
INV002175,CUST0246,2023-03-20 19:43:00,19,278.84,5297.96,Clothing,France
INV000867,CUST0001,2023-03-21 04:28:00,4,74.35,297.4,Clothing,United Kingdom
INV001301,CUST0172,2023-03-21 05:47:00,1,50.41,50.41,Electronics,Spain
INV002110,CUST0119,2023-03-21 08:33:00,9,103.33,929.97,Clothing,United Kingdom
INV002668,CUST0230,2023-03-21 11:15:00,2,51.07,102.14,Electronics,United Kingdom
INV001581,CUST0236,2023-03-22 01:18:00,5,118.27,591.35,Home & Kitchen,Germany
INV000484,CUST0101,2023-03-22 06:35:00,1,49.72,49.72,Beauty,United Kingdom
INV000081,CUST0170,2023-03-22 08:11:00,3,45.98,137.94,Clothing,Netherlands
INV002221,CUST0066,2023-03-22 11:26:00,3,76.85,230.55,Sports,United Kingdom
INV000151,CUST0069,2023-03-23 03:00:00,1,61.8,61.8,Electronics,Germany
INV002927,CUST0062,2023-03-23 12:06:00,2,72.9,145.8,Sports,Netherlands
INV002102,CUST0122,2023-03-23 15:15:00,7,123.24,862.68,Clothing,United Kingdom
INV002686,CUST0098,2023-03-23 21:25:00,5,85.6,428.0,Sports,Netherlands
INV001712,CUST0025,2023-03-24 01:17:00,1,92.9,92.9,Clothing,United Kingdom
INV001091,CUST0001,2023-03-24 05:31:00,2,73.03,146.06,Sports,United Kingdom
INV001840,CUST0017,2023-03-24 08:27:00,3,67.22,201.66,Home & Kitchen,United Kingdom
INV002423,CUST0143,2023-03-24 10:32:00,1,103.95,103.95,Beauty,United Kingdom
INV002402,CUST0019,2023-03-24 22:02:00,2,75.88,151.76,Clothing,Germany
INV001352,CUST0165,2023-03-25 14:34:00,2,34.07,68.14,Clothing,United Kingdom
INV002847,CUST0096,2023-03-25 19:10:00,4,62.2,248.8,Clothing,United Kingdom
INV001370,CUST0237,2023-03-25 20:08:00,1,40.18,40.18,Beauty,United Kingdom
INV002531,CUST0191,2023-03-25 23:52:00,1,50.29,50.29,Sports,United Kingdom
INV001438,CUST0171,2023-03-26 12:52:00,5,121.21,606.05,Home & Kitchen,United Kingdom
INV002265,CUST0049,2023-03-27 04:24:00,1,46.26,46.26,Electronics,United Kingdom
INV000145,CUST0129,2023-03-27 11:08:00,1,65.04,65.04,Beauty,United Kingdom
INV001497,CUST0151,2023-03-27 19:36:00,10,293.42,2934.2,Clothing,Spain
INV001261,CUST0213,2023-03-27 22:08:00,5,129.55,647.75,Electronics,Spain
INV001236,CUST0072,2023-03-28 02:02:00,1,46.38,46.38,Sports,United Kingdom
INV000091,CUST0060,2023-03-28 05:03:00,2,68.04,136.08,Sports,United Kingdom
INV002446,CUST0003,2023-03-28 06:54:00,9,151.65,1364.85,Home & Kitchen,Germany
INV001441,CUST0025,2023-03-28 20:00:00,4,56.72,226.88,Beauty,United Kingdom
INV001593,CUST0133,2023-03-28 20:40:00,1,40.74,40.74,Electronics,United Kingdom
INV000492,CUST0201,2023-03-29 00:06:00,1,89.52,89.52,Clothing,United Kingdom
INV002523,CUST0007,2023-03-29 07:14:00,1,48.67,48.67,Home & Kitchen,France
INV002037,CUST0150,2023-03-29 12:58:00,3,83.12,249.36,Beauty,Germany
INV001618,CUST0196,2023-03-30 03:15:00,3,93.71,281.13,Home & Kitchen,France
INV001537,CUST0168,2023-03-30 03:41:00,2,29.77,59.54,Home & Kitchen,United Kingdom
INV001677,CUST0178,2023-03-30 06:27:00,4,60.38,241.52,Home & Kitchen,United Kingdom
INV001300,CUST0053,2023-03-30 08:27:00,6,102.17,613.02,Electronics,United Kingdom
INV001000,CUST0229,2023-03-30 14:03:00,1,191.48,191.48,Electronics,Germany
INV000797,CUST0187,2023-03-30 18:15:00,4,39.33,157.32,Beauty,Netherlands
INV001187,CUST0030,2023-03-31 07:23:00,2,41.91,83.82,Clothing,Spain
INV000465,CUST0224,2023-03-31 16:37:00,2,90.11,180.22,Beauty,United Kingdom
INV000739,CUST0007,2023-04-01 06:14:00,2,20.66,41.32,Electronics,United Kingdom
INV000838,CUST0134,2023-04-01 07:31:00,2,32.92,65.84,Beauty,United Kingdom
INV000506,CUST0197,2023-04-01 13:05:00,4,71.61,286.44,Beauty,United Kingdom
INV001017,CUST0228,2023-04-01 21:15:00,6,43.03,258.18,Sports,United Kingdom
INV001045,CUST0104,2023-04-01 21:52:00,2,82.83,165.66,Beauty,Germany
INV000650,CUST0240,2023-04-02 10:32:00,1,21.31,21.31,Clothing,Germany
INV001195,CUST0175,2023-04-02 18:19:00,1,85.22,85.22,Clothing,United Kingdom
INV002005,CUST0011,2023-04-03 04:53:00,1,63.17,63.17,Clothing,France
INV000621,CUST0249,2023-04-03 06:11:00,8,223.77,1790.16,Home & Kitchen,United Kingdom
INV001571,CUST0123,2023-04-03 09:50:00,1,89.48,89.48,Clothing,United Kingdom
INV001914,CUST0185,2023-04-03 14:29:00,3,87.4,262.2,Home & Kitchen,United Kingdom
INV000523,CUST0239,2023-04-03 15:37:00,1,72.6,72.6,Sports,United Kingdom
INV002052,CUST0104,2023-04-03 19:11:00,4,71.79,287.16,Clothing,United Kingdom
INV000864,CUST0113,2023-04-03 20:09:00,5,127.85,639.25,Home & Kitchen,United Kingdom
INV002958,CUST0191,2023-04-03 22:43:00,1,25.44,25.44,Clothing,United Kingdom
INV000850,CUST0136,2023-04-03 22:58:00,3,62.33,186.99,Home & Kitchen,Germany
INV001745,CUST0040,2023-04-03 23:37:00,2,48.83,97.66,Beauty,United Kingdom
INV002348,CUST0171,2023-04-04 16:07:00,9,122.94,1106.46,Clothing,United Kingdom
INV002079,CUST0208,2023-04-04 18:38:00,3,173.77,521.31,Electronics,United Kingdom
INV001206,CUST0132,2023-04-05 01:28:00,1,52.41,52.41,Electronics,France
INV000171,CUST0190,2023-04-05 03:43:00,1,47.53,47.53,Home & Kitchen,France
INV002509,CUST0136,2023-04-05 06:14:00,3,100.6,301.8,Electronics,United Kingdom
INV000839,CUST0118,2023-04-05 08:29:00,2,64.31,128.62,Sports,United Kingdom
INV002501,CUST0117,2023-04-05 08:35:00,2,142.17,284.34,Electronics,United Kingdom
INV002582,CUST0202,2023-04-05 15:10:00,3,67.35,202.05,Clothing,Germany
INV000964,CUST0225,2023-04-05 16:24:00,1,46.36,46.36,Beauty,United Kingdom
INV001592,CUST0084,2023-04-05 17:59:00,1,55.58,55.58,Clothing,France
INV001921,CUST0015,2023-04-06 02:57:00,1,26.64,26.64,Sports,United Kingdom
INV002294,CUST0241,2023-04-06 21:07:00,7,135.49,948.43,Home & Kitchen,United Kingdom
INV000117,CUST0019,2023-04-06 21:37:00,1,56.85,56.85,Beauty,Germany
INV000418,CUST0092,2023-04-07 09:50:00,12,108.08,1296.96,Home & Kitchen,France
INV000958,CUST0125,2023-04-07 14:15:00,1,35.93,35.93,Clothing,Germany
INV000197,CUST0186,2023-04-07 16:20:00,8,123.09,984.72,Clothing,Netherlands
INV000851,CUST0026,2023-04-07 22:30:00,2,160.28,320.56,Clothing,Netherlands
INV002637,CUST0102,2023-04-08 01:39:00,3,73.9,221.7,Electronics,France
INV001704,CUST0195,2023-04-08 11:59:00,3,34.35,103.05,Beauty,France
INV001799,CUST0194,2023-04-08 23:05:00,1,36.19,36.19,Electronics,United Kingdom
INV001702,CUST0029,2023-04-09 00:19:00,6,93.28,559.68,Beauty,United Kingdom
INV000290,CUST0013,2023-04-09 10:10:00,2,151.21,302.42,Clothing,Germany
INV002222,CUST0163,2023-04-09 12:47:00,1,98.58,98.58,Clothing,France
INV001964,CUST0199,2023-04-10 04:14:00,4,129.99,519.96,Sports,United Kingdom
INV000542,CUST0055,2023-04-10 17:08:00,3,73.4,220.2,Clothing,Germany
INV002553,CUST0150,2023-04-10 19:57:00,3,67.75,203.25,Home & Kitchen,United Kingdom
INV000589,CUST0054,2023-04-10 22:18:00,3,141.16,423.48,Home & Kitchen,United Kingdom
INV002066,CUST0204,2023-04-11 06:06:00,4,147.51,590.04,Beauty,Netherlands
INV000932,CUST0229,2023-04-11 06:33:00,4,112.55,450.2,Clothing,United Kingdom
INV002462,CUST0037,2023-04-11 17:25:00,4,93.25,373.0,Clothing,United Kingdom
INV002959,CUST0149,2023-04-12 08:57:00,1,45.38,45.38,Electronics,Netherlands
INV001488,CUST0233,2023-04-12 11:14:00,1,71.47,71.47,Beauty,Spain
INV000544,CUST0220,2023-04-12 12:41:00,7,80.75,565.25,Electronics,United Kingdom
INV000586,CUST0050,2023-04-13 00:54:00,1,41.52,41.52,Electronics,United Kingdom
INV001807,CUST0104,2023-04-13 06:07:00,1,86.6,86.6,Clothing,Netherlands
INV001287,CUST0234,2023-04-13 14:07:00,1,76.58,76.58,Clothing,United Kingdom
INV001133,CUST0128,2023-04-14 05:39:00,3,105.06,315.18,Sports,France
INV002195,CUST0078,2023-04-14 10:45:00,1,35.19,35.19,Beauty,United Kingdom
INV001956,CUST0122,2023-04-14 10:46:00,1,149.72,149.72,Clothing,United Kingdom
INV000129,CUST0140,2023-04-14 11:26:00,7,267.22,1870.54,Home & Kitchen,United Kingdom
INV001415,CUST0036,2023-04-15 08:44:00,7,81.28,568.96,Beauty,United Kingdom
INV000079,CUST0049,2023-04-15 09:01:00,3,58.95,176.85,Electronics,United Kingdom
INV002527,CUST0039,2023-04-15 12:56:00,7,138.64,970.48,Electronics,United Kingdom
INV000608,CUST0192,2023-04-15 17:10:00,4,41.11,164.44,Electronics,Netherlands
INV000672,CUST0093,2023-04-15 21:17:00,8,87.13,697.04,Home & Kitchen,United Kingdom
INV000699,CUST0155,2023-04-16 12:38:00,11,265.51,2920.61,Beauty,United Kingdom
INV001949,CUST0131,2023-04-16 17:53:00,4,66.34,265.36,Clothing,United Kingdom
INV002817,CUST0164,2023-04-16 18:15:00,3,65.3,195.9,Clothing,United Kingdom
INV000424,CUST0056,2023-04-17 11:08:00,10,329.14,3291.4,Clothing,Spain
INV002101,CUST0243,2023-04-17 19:05:00,8,192.21,1537.68,Home & Kitchen,France
INV001999,CUST0045,2023-04-17 19:10:00,3,78.48,235.44,Sports,United Kingdom
INV002729,CUST0065,2023-04-17 19:57:00,3,72.04,216.12,Home & Kitchen,Germany
INV002949,CUST0229,2023-04-18 05:00:00,4,76.06,304.24,Electronics,United Kingdom
INV001490,CUST0026,2023-04-18 11:48:00,2,151.95,303.9,Sports,Germany
INV001138,CUST0182,2023-04-18 19:51:00,1,40.39,40.39,Clothing,United Kingdom
INV001675,CUST0234,2023-04-18 23:39:00,1,61.68,61.68,Clothing,Netherlands
INV000928,CUST0093,2023-04-19 01:34:00,5,144.65,723.25,Electronics,Netherlands
INV000198,CUST0096,2023-04-19 02:38:00,1,23.39,23.39,Clothing,United Kingdom
INV000092,CUST0236,2023-04-19 15:21:00,4,128.24,512.96,Clothing,United Kingdom
INV002996,CUST0188,2023-04-19 18:13:00,1,45.65,45.65,Electronics,United Kingdom
INV002146,CUST0148,2023-04-19 20:58:00,2,69.11,138.22,Sports,United Kingdom
INV002590,CUST0242,2023-04-20 06:08:00,8,154.64,1237.12,Clothing,United Kingdom
INV002956,CUST0188,2023-04-20 13:47:00,3,89.48,268.44,Sports,United Kingdom
INV001025,CUST0005,2023-04-20 17:44:00,3,56.02,168.06,Home & Kitchen,Germany
INV001728,CUST0060,2023-04-20 19:38:00,4,73.77,295.08,Clothing,United Kingdom
INV000111,CUST0106,2023-04-21 01:38:00,2,42.82,85.64,Home & Kitchen,Germany
INV001839,CUST0192,2023-04-21 07:36:00,4,157.99,631.96,Electronics,United Kingdom
INV002766,CUST0154,2023-04-21 15:27:00,3,70.68,212.04,Clothing,France
INV001564,CUST0247,2023-04-21 20:21:00,2,65.4,130.8,Beauty,United Kingdom
INV000163,CUST0029,2023-04-21 20:36:00,2,79.98,159.96,Clothing,France
INV002692,CUST0044,2023-04-21 20:57:00,7,212.53,1487.71,Sports,Germany
INV001676,CUST0163,2023-04-22 06:03:00,1,75.53,75.53,Clothing,United Kingdom
INV002662,CUST0005,2023-04-22 06:11:00,1,43.26,43.26,Clothing,United Kingdom
INV001349,CUST0166,2023-04-22 19:37:00,8,133.59,1068.72,Home & Kitchen,United Kingdom
INV000534,CUST0205,2023-04-22 21:35:00,4,75.58,302.32,Sports,Germany
INV002167,CUST0162,2023-04-23 03:03:00,4,51.54,206.16,Clothing,Germany
INV001172,CUST0224,2023-04-23 03:50:00,3,85.72,257.16,Clothing,Germany
INV001099,CUST0215,2023-04-23 07:32:00,1,59.49,59.49,Electronics,United Kingdom
INV002740,CUST0161,2023-04-23 14:36:00,1,47.6,47.6,Electronics,France
INV002239,CUST0080,2023-04-23 20:06:00,3,23.94,71.82,Clothing,Spain
INV000635,CUST0184,2023-04-23 21:22:00,5,100.34,501.7,Sports,United Kingdom
INV001541,CUST0108,2023-04-24 04:44:00,3,135.16,405.48,Clothing,United Kingdom
INV001960,CUST0015,2023-04-24 08:44:00,1,50.91,50.91,Home & Kitchen,United Kingdom
INV001748,CUST0091,2023-04-24 22:33:00,1,45.1,45.1,Home & Kitchen,United Kingdom
INV000939,CUST0005,2023-04-25 11:56:00,1,36.45,36.45,Sports,United Kingdom
INV001440,CUST0042,2023-04-25 19:14:00,5,85.81,429.05,Sports,United Kingdom
INV002354,CUST0026,2023-04-26 07:58:00,5,173.6,868.0,Electronics,France
INV001102,CUST0063,2023-04-26 12:55:00,4,101.56,406.24,Beauty,United Kingdom
INV000301,CUST0217,2023-04-26 14:14:00,1,76.41,76.41,Electronics,United Kingdom
INV001496,CUST0145,2023-04-26 19:09:00,1,75.92,75.92,Clothing,United Kingdom
INV001337,CUST0109,2023-04-27 04:03:00,1,35.18,35.18,Sports,Germany
INV000379,CUST0065,2023-04-27 10:34:00,1,77.06,77.06,Electronics,United Kingdom
INV000343,CUST0142,2023-04-27 14:01:00,4,77.57,310.28,Electronics,Germany
INV000528,CUST0063,2023-04-27 19:44:00,5,139.59,697.95,Electronics,United Kingdom
INV001470,CUST0083,2023-04-28 04:06:00,4,65.57,262.28,Electronics,Germany
INV000653,CUST0111,2023-04-28 04:54:00,2,68.24,136.48,Clothing,Netherlands
INV002224,CUST0005,2023-04-28 11:37:00,1,63.39,63.39,Home & Kitchen,United Kingdom
INV002015,CUST0207,2023-04-28 17:16:00,1,41.97,41.97,Clothing,United Kingdom
INV002812,CUST0025,2023-04-29 02:29:00,1,51.9,51.9,Sports,Spain
INV002368,CUST0031,2023-04-29 09:17:00,1,73.51,73.51,Beauty,Germany
INV001724,CUST0090,2023-04-29 21:17:00,1,50.74,50.74,Clothing,France
INV002762,CUST0067,2023-04-30 09:34:00,1,34.5,34.5,Clothing,United Kingdom
INV000999,CUST0097,2023-04-30 18:12:00,1,60.17,60.17,Electronics,United Kingdom
INV000291,CUST0023,2023-05-01 09:17:00,3,49.56,148.68,Beauty,Germany
INV001796,CUST0221,2023-05-01 15:16:00,7,93.21,652.47,Clothing,United Kingdom
INV002171,CUST0170,2023-05-01 15:34:00,1,65.72,65.72,Clothing,Spain
INV000767,CUST0025,2023-05-02 02:37:00,4,72.53,290.12,Home & Kitchen,Germany
INV000010,CUST0234,2023-05-02 22:38:00,2,46.83,93.66,Home & Kitchen,United Kingdom
INV001547,CUST0093,2023-05-03 04:25:00,5,90.96,454.8,Electronics,United Kingdom
INV001573,CUST0046,2023-05-03 09:35:00,8,102.14,817.12,Clothing,United Kingdom
INV002507,CUST0156,2023-05-04 03:25:00,2,58.86,117.72,Electronics,United Kingdom
INV002179,CUST0237,2023-05-04 19:30:00,4,85.73,342.92,Beauty,United Kingdom
INV001659,CUST0003,2023-05-04 21:12:00,6,103.49,620.94,Sports,United Kingdom
INV001504,CUST0079,2023-05-05 13:02:00,3,46.99,140.97,Clothing,United Kingdom
INV000413,CUST0105,2023-05-05 16:36:00,6,161.08,966.48,Electronics,United Kingdom
INV002861,CUST0130,2023-05-06 08:13:00,4,71.46,285.84,Clothing,Germany
INV001599,CUST0142,2023-05-06 08:57:00,9,69.37,624.33,Sports,United Kingdom
INV002085,CUST0127,2023-05-06 19:53:00,3,166.26,498.78,Clothing,United Kingdom
INV000173,CUST0197,2023-05-06 20:10:00,3,122.51,367.53,Sports,Germany
INV001466,CUST0012,2023-05-07 01:42:00,10,250.31,2503.1,Electronics,Germany
INV000202,CUST0237,2023-05-07 18:53:00,2,63.95,127.9,Home & Kitchen,United Kingdom
INV002027,CUST0002,2023-05-07 20:55:00,12,205.57,2466.84,Electronics,United Kingdom
INV002913,CUST0191,2023-05-08 00:34:00,2,46.85,93.7,Sports,United Kingdom
INV000887,CUST0172,2023-05-08 05:18:00,1,47.14,47.14,Electronics,France
INV000107,CUST0144,2023-05-08 08:00:00,3,86.81,260.43,Home & Kitchen,United Kingdom
INV000644,CUST0053,2023-05-08 12:30:00,5,282.6,1413.0,Electronics,Germany
INV002871,CUST0089,2023-05-09 02:58:00,7,92.53,647.71,Sports,United Kingdom
INV002614,CUST0185,2023-05-09 08:30:00,1,53.31,53.31,Home & Kitchen,United Kingdom
INV000015,CUST0104,2023-05-09 11:04:00,5,64.74,323.7,Electronics,United Kingdom
INV000399,CUST0039,2023-05-10 03:20:00,6,60.41,362.46,Electronics,United Kingdom
INV000919,CUST0076,2023-05-11 08:35:00,5,100.96,504.8,Beauty,United Kingdom
INV001304,CUST0250,2023-05-12 02:33:00,3,160.76,482.28,Home & Kitchen,United Kingdom
INV002982,CUST0192,2023-05-12 04:07:00,5,36.53,182.65,Home & Kitchen,United Kingdom
INV002882,CUST0137,2023-05-12 18:00:00,4,33.56,134.24,Clothing,Spain
INV001394,CUST0149,2023-05-13 06:56:00,1,59.24,59.24,Clothing,France
INV001716,CUST0226,2023-05-13 07:13:00,2,53.88,107.76,Beauty,United Kingdom
INV001576,CUST0190,2023-05-13 10:28:00,1,32.81,32.81,Beauty,Germany
INV002416,CUST0089,2023-05-13 13:24:00,4,205.69,822.76,Beauty,United Kingdom
INV001390,CUST0036,2023-05-13 19:24:00,8,142.51,1140.08,Beauty,United Kingdom
INV002260,CUST0165,2023-05-14 08:50:00,5,69.39,346.95,Sports,Netherlands
INV000354,CUST0076,2023-05-14 14:04:00,5,201.23,1006.15,Electronics,Germany
INV000182,CUST0033,2023-05-14 14:26:00,2,34.03,68.06,Beauty,Netherlands
INV002255,CUST0118,2023-05-14 18:12:00,5,39.61,198.05,Sports,Netherlands
INV002666,CUST0149,2023-05-14 20:32:00,1,38.1,38.1,Electronics,Spain
INV000893,CUST0065,2023-05-15 12:05:00,4,53.0,212.0,Beauty,Netherlands
INV002883,CUST0099,2023-05-15 12:40:00,2,37.97,75.94,Beauty,France
INV002132,CUST0093,2023-05-15 20:30:00,4,167.57,670.28,Electronics,United Kingdom
INV002118,CUST0146,2023-05-15 21:47:00,1,47.33,47.33,Home & Kitchen,United Kingdom
INV002579,CUST0100,2023-05-17 01:01:00,1,44.63,44.63,Electronics,France
INV001495,CUST0199,2023-05-17 06:15:00,5,119.63,598.15,Sports,United Kingdom
INV000881,CUST0178,2023-05-17 21:46:00,2,80.16,160.32,Clothing,Germany
INV000972,CUST0053,2023-05-17 22:47:00,6,129.68,778.08,Clothing,Spain
INV002290,CUST0245,2023-05-18 05:07:00,2,45.17,90.34,Beauty,United Kingdom
INV000004,CUST0215,2023-05-18 05:46:00,7,126.69,886.83,Beauty,United Kingdom
INV001029,CUST0076,2023-05-18 16:21:00,2,55.41,110.82,Clothing,United Kingdom
INV001523,CUST0234,2023-05-18 17:09:00,3,76.63,229.89,Clothing,United Kingdom
INV002041,CUST0103,2023-05-18 22:47:00,3,78.93,236.79,Electronics,United Kingdom
INV000095,CUST0103,2023-05-19 03:50:00,2,113.56,227.12,Clothing,United Kingdom
INV000094,CUST0005,2023-05-19 06:03:00,1,36.62,36.62,Home & Kitchen,Germany
INV000254,CUST0135,2023-05-19 06:42:00,10,205.57,2055.7,Electronics,United Kingdom
INV001700,CUST0123,2023-05-19 06:49:00,1,65.62,65.62,Beauty,Germany
INV002768,CUST0210,2023-05-19 09:34:00,1,36.68,36.68,Electronics,United Kingdom
INV000208,CUST0002,2023-05-19 20:45:00,10,157.92,1579.2,Sports,United Kingdom
INV000747,CUST0018,2023-05-19 22:19:00,2,70.62,141.24,Clothing,United Kingdom
INV002508,CUST0035,2023-05-20 08:41:00,11,219.75,2417.25,Home & Kitchen,United Kingdom
INV001250,CUST0088,2023-05-20 11:12:00,2,100.7,201.4,Clothing,Spain
INV002622,CUST0067,2023-05-20 17:03:00,1,51.72,51.72,Clothing,United Kingdom
INV000450,CUST0049,2023-05-20 23:33:00,4,91.34,365.36,Electronics,United Kingdom
INV000196,CUST0147,2023-05-20 23:41:00,6,64.13,384.78,Clothing,United Kingdom
INV000547,CUST0095,2023-05-21 06:43:00,4,77.63,310.52,Home & Kitchen,Germany
INV002117,CUST0198,2023-05-23 04:44:00,5,126.38,631.9,Electronics,Netherlands
INV001292,CUST0140,2023-05-23 04:57:00,8,152.4,1219.2,Home & Kitchen,Germany
INV002249,CUST0008,2023-05-23 13:25:00,5,111.01,555.05,Home & Kitchen,United Kingdom
INV001205,CUST0063,2023-05-23 15:19:00,4,108.31,433.24,Clothing,France
INV002545,CUST0172,2023-05-23 19:31:00,1,41.95,41.95,Beauty,United Kingdom
INV002481,CUST0080,2023-05-24 09:02:00,1,46.95,46.95,Electronics,United Kingdom
INV001021,CUST0184,2023-05-24 18:47:00,6,133.48,800.88,Home & Kitchen,Germany
INV000207,CUST0247,2023-05-24 21:27:00,7,85.25,596.75,Sports,Germany
INV002430,CUST0049,2023-05-25 05:42:00,3,78.64,235.92,Clothing,United Kingdom
INV001176,CUST0179,2023-05-25 08:50:00,7,232.75,1629.25,Sports,Germany
INV001329,CUST0246,2023-05-25 15:49:00,8,192.84,1542.72,Sports,United Kingdom
INV000471,CUST0156,2023-05-25 17:36:00,1,45.17,45.17,Home & Kitchen,Germany
INV000298,CUST0062,2023-05-26 04:53:00,2,64.51,129.02,Beauty,United Kingdom
INV000488,CUST0155,2023-05-26 15:45:00,6,81.41,488.46,Beauty,United Kingdom
INV000024,CUST0127,2023-05-26 19:48:00,5,103.68,518.4,Home & Kitchen,Germany
INV002678,CUST0070,2023-05-26 22:54:00,10,199.57,1995.7,Clothing,United Kingdom
INV001169,CUST0049,2023-05-27 00:50:00,1,23.47,23.47,Sports,United Kingdom
INV000350,CUST0235,2023-05-27 02:07:00,1,37.6,37.6,Beauty,United Kingdom
INV000103,CUST0099,2023-05-27 05:02:00,1,26.31,26.31,Clothing,Netherlands
INV000768,CUST0145,2023-05-27 13:48:00,5,68.03,340.15,Beauty,United Kingdom
INV002100,CUST0045,2023-05-27 15:52:00,1,41.16,41.16,Electronics,United Kingdom
INV000753,CUST0192,2023-05-27 16:44:00,4,74.76,299.04,Beauty,France
INV002065,CUST0114,2023-05-27 17:29:00,9,195.81,1762.29,Home & Kitchen,France
INV001108,CUST0149,2023-05-27 21:47:00,2,23.99,47.98,Sports,Germany
INV000714,CUST0026,2023-05-27 22:08:00,6,213.79,1282.74,Beauty,Netherlands
INV002690,CUST0008,2023-05-28 02:31:00,8,73.25,586.0,Sports,Spain
INV002425,CUST0147,2023-05-28 20:09:00,4,82.69,330.76,Electronics,France
INV000357,CUST0186,2023-05-28 21:17:00,5,73.72,368.6,Beauty,Germany
INV002361,CUST0072,2023-05-29 01:23:00,1,37.32,37.32,Electronics,United Kingdom
INV000435,CUST0047,2023-05-29 10:37:00,2,73.26,146.52,Clothing,United Kingdom
INV002663,CUST0172,2023-05-29 12:12:00,4,39.06,156.24,Home & Kitchen,Germany
INV000257,CUST0245,2023-05-29 18:01:00,1,36.69,36.69,Clothing,United Kingdom
INV001758,CUST0097,2023-05-29 19:00:00,2,82.99,165.98,Sports,Germany
INV001244,CUST0092,2023-05-29 22:37:00,1,85.11,85.11,Home & Kitchen,United Kingdom
INV002895,CUST0004,2023-05-30 00:11:00,4,61.58,246.32,Electronics,United Kingdom
INV000986,CUST0244,2023-05-30 03:33:00,4,67.91,271.64,Sports,United Kingdom
INV000561,CUST0078,2023-05-30 21:05:00,1,35.49,35.49,Electronics,United Kingdom
INV001291,CUST0119,2023-05-30 22:51:00,5,137.03,685.15,Beauty,France
INV002489,CUST0051,2023-05-31 01:59:00,8,176.76,1414.08,Sports,Spain
INV002397,CUST0125,2023-05-31 21:54:00,1,31.85,31.85,Clothing,Germany
INV002546,CUST0120,2023-05-31 22:04:00,8,89.39,715.12,Clothing,United Kingdom
INV000715,CUST0036,2023-06-01 14:54:00,7,159.16,1114.12,Beauty,France
INV001853,CUST0192,2023-06-01 15:15:00,7,144.42,1010.94,Clothing,Germany
INV000649,CUST0043,2023-06-02 00:00:00,1,44.47,44.47,Beauty,United Kingdom
INV002644,CUST0232,2023-06-02 02:14:00,2,54.89,109.78,Sports,United Kingdom
INV001987,CUST0072,2023-06-02 16:38:00,1,26.36,26.36,Clothing,United Kingdom
INV001534,CUST0131,2023-06-02 23:37:00,1,55.63,55.63,Clothing,Germany
INV002640,CUST0167,2023-06-03 03:25:00,9,72.92,656.28,Beauty,United Kingdom
INV000143,CUST0237,2023-06-03 05:03:00,4,54.95,219.8,Beauty,Spain
INV002652,CUST0123,2023-06-03 23:32:00,3,66.08,198.24,Electronics,United Kingdom
INV000815,CUST0190,2023-06-04 02:25:00,2,45.57,91.14,Sports,United Kingdom
INV002793,CUST0134,2023-06-04 06:42:00,2,49.49,98.98,Beauty,United Kingdom
INV001026,CUST0157,2023-06-04 08:54:00,1,81.89,81.89,Clothing,United Kingdom
INV002707,CUST0055,2023-06-04 10:38:00,3,56.74,170.22,Clothing,Germany
INV001273,CUST0147,2023-06-04 12:13:00,2,81.14,162.28,Clothing,United Kingdom
INV000657,CUST0080,2023-06-04 12:36:00,1,36.45,36.45,Electronics,Netherlands
INV000949,CUST0089,2023-06-04 13:13:00,1,104.53,104.53,Electronics,United Kingdom
INV002168,CUST0164,2023-06-04 18:50:00,4,55.02,220.08,Beauty,United Kingdom
INV000146,CUST0016,2023-06-05 09:42:00,2,49.8,99.6,Clothing,United Kingdom
INV001387,CUST0193,2023-06-05 09:44:00,10,199.07,1990.7,Beauty,United Kingdom
INV002758,CUST0249,2023-06-05 11:52:00,17,192.76,3276.92,Clothing,United Kingdom
INV001583,CUST0016,2023-06-05 16:46:00,1,44.36,44.36,Electronics,Germany
INV002520,CUST0089,2023-06-05 21:21:00,5,130.94,654.7,Electronics,United Kingdom
INV002716,CUST0144,2023-06-06 19:50:00,3,73.96,221.88,Clothing,Netherlands
INV002381,CUST0198,2023-06-06 22:25:00,3,103.15,309.45,Electronics,United Kingdom
INV000490,CUST0191,2023-06-07 03:38:00,2,23.79,47.58,Beauty,United Kingdom
INV002702,CUST0208,2023-06-07 10:02:00,6,64.26,385.56,Electronics,Germany
INV000833,CUST0212,2023-06-07 11:45:00,6,83.88,503.28,Electronics,Netherlands
INV001092,CUST0046,2023-06-07 16:39:00,5,53.99,269.95,Clothing,United Kingdom
INV000942,CUST0078,2023-06-07 19:25:00,1,52.31,52.31,Electronics,United Kingdom
INV002313,CUST0239,2023-06-08 01:52:00,1,95.22,95.22,Electronics,Spain
INV001920,CUST0166,2023-06-08 06:09:00,3,144.11,432.33,Electronics,United Kingdom
INV002461,CUST0048,2023-06-08 19:35:00,2,61.75,123.5,Home & Kitchen,France
INV001014,CUST0141,2023-06-08 20:26:00,12,286.76,3441.12,Electronics,Spain
INV002848,CUST0092,2023-06-08 22:59:00,3,126.34,379.02,Home & Kitchen,Germany
INV000788,CUST0083,2023-06-09 05:21:00,6,91.63,549.78,Beauty,United Kingdom
INV001451,CUST0102,2023-06-09 11:56:00,2,82.46,164.92,Sports,United Kingdom
INV002865,CUST0031,2023-06-09 15:37:00,3,72.47,217.41,Beauty,France
INV002300,CUST0181,2023-06-09 18:03:00,2,65.58,131.16,Home & Kitchen,United Kingdom
INV001182,CUST0158,2023-06-10 11:06:00,8,87.6,700.8,Home & Kitchen,United Kingdom
INV001545,CUST0241,2023-06-10 11:44:00,7,144.88,1014.16,Electronics,United Kingdom
INV002603,CUST0037,2023-06-10 13:40:00,3,70.29,210.87,Home & Kitchen,United Kingdom
INV001452,CUST0098,2023-06-10 19:30:00,1,61.05,61.05,Clothing,Germany
INV001354,CUST0230,2023-06-10 23:23:00,4,98.16,392.64,Beauty,United Kingdom
INV001997,CUST0032,2023-06-11 01:15:00,2,44.84,89.68,Clothing,United Kingdom
INV000678,CUST0147,2023-06-11 08:59:00,2,81.28,162.56,Electronics,Spain
INV000669,CUST0096,2023-06-12 10:28:00,3,44.81,134.43,Home & Kitchen,United Kingdom
INV001705,CUST0153,2023-06-12 12:11:00,1,40.89,40.89,Beauty,United Kingdom
INV002764,CUST0190,2023-06-12 14:23:00,1,50.55,50.55,Sports,France
INV001455,CUST0101,2023-06-12 15:14:00,1,55.55,55.55,Sports,United Kingdom
INV001038,CUST0026,2023-06-12 21:22:00,1,108.77,108.77,Beauty,Spain
INV001786,CUST0107,2023-06-13 03:55:00,3,47.53,142.59,Clothing,Spain
INV001791,CUST0082,2023-06-13 12:40:00,3,40.39,121.17,Clothing,France
INV000316,CUST0206,2023-06-13 19:17:00,3,35.1,105.3,Clothing,Netherlands
INV000380,CUST0086,2023-06-13 23:12:00,1,65.22,65.22,Beauty,Netherlands
INV002135,CUST0207,2023-06-14 06:20:00,2,40.87,81.74,Electronics,Germany
INV002200,CUST0166,2023-06-14 15:21:00,4,105.4,421.6,Beauty,United Kingdom
INV001605,CUST0190,2023-06-14 22:10:00,1,47.95,47.95,Sports,Germany
INV000421,CUST0191,2023-06-15 08:44:00,1,26.16,26.16,Beauty,United Kingdom
INV000508,CUST0153,2023-06-15 21:52:00,1,37.33,37.33,Beauty,Germany
INV001166,CUST0063,2023-06-16 07:53:00,3,110.31,330.93,Electronics,United Kingdom
INV001405,CUST0098,2023-06-16 11:03:00,3,87.66,262.98,Electronics,United Kingdom
INV002785,CUST0082,2023-06-16 11:31:00,2,72.74,145.48,Clothing,United Kingdom
INV001606,CUST0037,2023-06-17 02:33:00,2,64.8,129.6,Clothing,United Kingdom
INV001836,CUST0242,2023-06-17 13:45:00,8,414.39,3315.12,Clothing,United Kingdom
INV000361,CUST0007,2023-06-17 15:37:00,1,49.13,49.13,Beauty,United Kingdom
INV001842,CUST0150,2023-06-18 01:18:00,1,64.97,64.97,Sports,United Kingdom
INV001136,CUST0108,2023-06-18 07:10:00,7,128.02,896.14,Clothing,Germany
INV000417,CUST0205,2023-06-18 08:22:00,4,62.01,248.04,Electronics,United Kingdom
INV002352,CUST0210,2023-06-18 12:32:00,1,38.96,38.96,Clothing,Netherlands
INV002329,CUST0119,2023-06-18 13:57:00,5,199.32,996.6,Clothing,United Kingdom
INV001302,CUST0099,2023-06-18 14:59:00,2,34.36,68.72,Clothing,United Kingdom
INV001984,CUST0064,2023-06-18 15:34:00,3,42.71,128.13,Clothing,United Kingdom
INV000735,CUST0014,2023-06-18 18:29:00,2,31.41,62.82,Beauty,United Kingdom
INV000755,CUST0119,2023-06-19 12:56:00,7,91.88,643.16,Electronics,Spain
INV002058,CUST0009,2023-06-19 18:23:00,1,89.46,89.46,Electronics,United Kingdom
INV001950,CUST0093,2023-06-20 01:52:00,4,148.04,592.16,Clothing,France
INV002282,CUST0020,2023-06-20 06:22:00,3,56.2,168.6,Sports,France
INV002336,CUST0157,2023-06-20 08:13:00,7,117.26,820.82,Electronics,United Kingdom
INV000326,CUST0099,2023-06-20 12:12:00,3,54.49,163.47,Clothing,France
INV000594,CUST0057,2023-06-20 14:18:00,2,31.8,63.6,Beauty,France
INV002816,CUST0033,2023-06-20 17:25:00,1,57.82,57.82,Home & Kitchen,Netherlands
INV000501,CUST0046,2023-06-20 21:46:00,2,58.04,116.08,Clothing,United Kingdom
INV001255,CUST0235,2023-06-21 14:49:00,2,45.85,91.7,Beauty,France
INV002744,CUST0038,2023-06-21 17:42:00,1,60.66,60.66,Clothing,Germany
INV001220,CUST0225,2023-06-21 18:18:00,3,94.44,283.32,Beauty,Germany
INV002950,CUST0173,2023-06-22 08:39:00,2,53.05,106.1,Beauty,United Kingdom
INV001327,CUST0103,2023-06-22 14:15:00,3,55.96,167.88,Beauty,United Kingdom
INV000001,CUST0191,2023-06-22 18:04:00,1,24.62,24.62,Electronics,Germany
INV000076,CUST0058,2023-06-23 22:29:00,1,58.89,58.89,Beauty,Spain
INV001068,CUST0100,2023-06-24 02:00:00,1,37.54,37.54,Beauty,Germany
INV001037,CUST0036,2023-06-24 02:23:00,10,99.88,998.8,Home & Kitchen,United Kingdom
INV000861,CUST0212,2023-06-24 06:53:00,7,97.37,681.59,Home & Kitchen,United Kingdom
INV000130,CUST0245,2023-06-24 08:33:00,1,54.7,54.7,Clothing,Spain
INV000167,CUST0047,2023-06-24 12:54:00,2,76.55,153.1,Clothing,Germany
INV001814,CUST0163,2023-06-24 19:12:00,2,35.39,70.78,Clothing,Spain
INV000676,CUST0122,2023-06-25 00:57:00,5,112.06,560.3,Sports,United Kingdom
INV000186,CUST0250,2023-06-25 05:16:00,6,181.03,1086.18,Beauty,Spain
INV001982,CUST0072,2023-06-25 06:09:00,1,33.79,33.79,Beauty,Germany
INV000538,CUST0099,2023-06-25 13:13:00,1,57.76,57.76,Clothing,Netherlands
INV001266,CUST0210,2023-06-25 20:49:00,1,62.08,62.08,Electronics,Spain
INV000052,CUST0020,2023-06-25 21:16:00,3,60.36,181.08,Electronics,Germany
INV001388,CUST0051,2023-06-26 07:16:00,8,166.97,1335.76,Clothing,United Kingdom
INV002677,CUST0086,2023-06-26 07:43:00,6,140.81,844.86,Home & Kitchen,United Kingdom
INV001173,CUST0141,2023-06-26 12:08:00,7,270.1,1890.7,Beauty,United Kingdom
INV002902,CUST0052,2023-06-26 17:14:00,4,188.83,755.32,Beauty,United Kingdom
INV001131,CUST0091,2023-06-26 19:14:00,3,37.92,113.76,Home & Kitchen,Netherlands
INV000043,CUST0153,2023-06-27 10:18:00,1,59.02,59.02,Beauty,Germany
INV000757,CUST0028,2023-06-27 17:10:00,1,70.71,70.71,Electronics,United Kingdom
INV001305,CUST0086,2023-06-27 20:47:00,3,67.03,201.09,Beauty,United Kingdom
INV002082,CUST0058,2023-06-27 22:46:00,2,28.15,56.3,Beauty,United Kingdom
INV000495,CUST0212,2023-06-28 01:43:00,3,131.89,395.67,Beauty,France
INV002281,CUST0037,2023-06-28 03:12:00,2,82.14,164.28,Clothing,United Kingdom
INV002978,CUST0042,2023-06-28 04:10:00,5,65.71,328.55,Clothing,Spain
INV002537,CUST0184,2023-06-28 12:47:00,5,92.63,463.15,Beauty,United Kingdom
INV002990,CUST0048,2023-06-28 19:47:00,4,86.53,346.12,Sports,United Kingdom
INV000969,CUST0247,2023-06-28 21:04:00,3,57.29,171.87,Electronics,Netherlands
INV002748,CUST0036,2023-06-29 02:23:00,8,224.06,1792.48,Clothing,France
INV001565,CUST0013,2023-06-29 04:47:00,2,147.91,295.82,Home & Kitchen,France
INV001722,CUST0133,2023-06-29 13:24:00,1,44.34,44.34,Clothing,United Kingdom
INV002379,CUST0242,2023-06-29 17:51:00,13,291.89,3794.57,Electronics,Germany
INV001338,CUST0098,2023-06-29 17:52:00,3,66.5,199.5,Beauty,Spain
INV001444,CUST0131,2023-06-29 21:02:00,1,87.48,87.48,Home & Kitchen,France
INV001339,CUST0215,2023-06-30 20:20:00,4,86.41,345.64,Home & Kitchen,France
INV002814,CUST0025,2023-06-30 20:34:00,3,134.25,402.75,Home & Kitchen,United Kingdom
INV002825,CUST0125,2023-07-01 08:47:00,1,46.88,46.88,Electronics,Netherlands
INV002630,CUST0231,2023-07-01 09:25:00,4,108.3,433.2,Beauty,United Kingdom
INV002316,CUST0151,2023-07-02 00:51:00,9,135.09,1215.81,Beauty,France
INV002875,CUST0178,2023-07-02 05:41:00,4,54.3,217.2,Clothing,United Kingdom
INV000389,CUST0159,2023-07-03 06:29:00,1,43.26,43.26,Clothing,United Kingdom
INV002376,CUST0190,2023-07-03 18:28:00,3,50.7,152.1,Home & Kitchen,Germany
INV001689,CUST0239,2023-07-03 20:30:00,4,103.99,415.96,Home & Kitchen,Germany
INV001646,CUST0054,2023-07-03 20:33:00,3,107.69,323.07,Clothing,France
INV001487,CUST0154,2023-07-04 14:11:00,1,89.49,89.49,Beauty,France
INV000310,CUST0233,2023-07-04 19:49:00,2,68.84,137.68,Clothing,United Kingdom
INV001648,CUST0243,2023-07-04 22:51:00,7,196.03,1372.21,Electronics,United Kingdom
INV000898,CUST0009,2023-07-05 03:39:00,4,100.56,402.24,Electronics,United Kingdom
INV001170,CUST0071,2023-07-05 07:41:00,3,112.96,338.88,Beauty,United Kingdom
INV001864,CUST0139,2023-07-05 14:23:00,2,77.52,155.04,Beauty,United Kingdom
INV002476,CUST0237,2023-07-05 17:22:00,2,70.07,140.14,Electronics,France
INV000859,CUST0068,2023-07-06 14:24:00,3,107.59,322.77,Sports,Germany
INV000282,CUST0152,2023-07-06 15:27:00,1,33.43,33.43,Clothing,Netherlands
INV001330,CUST0022,2023-07-06 16:02:00,1,37.6,37.6,Sports,Spain
INV000515,CUST0005,2023-07-07 05:30:00,2,43.59,87.18,Beauty,United Kingdom
INV001223,CUST0220,2023-07-07 07:24:00,6,110.46,662.76,Beauty,United Kingdom
INV000682,CUST0092,2023-07-07 19:09:00,4,135.16,540.64,Beauty,United Kingdom
INV000808,CUST0198,2023-07-08 01:41:00,4,130.03,520.12,Beauty,Germany
INV001627,CUST0198,2023-07-08 18:50:00,8,99.41,795.28,Home & Kitchen,Germany
INV002813,CUST0194,2023-07-08 20:56:00,1,90.5,90.5,Beauty,United Kingdom
INV001240,CUST0229,2023-07-08 23:40:00,5,114.26,571.3,Clothing,Germany
INV001706,CUST0226,2023-07-09 08:56:00,1,53.74,53.74,Electronics,United Kingdom
INV002892,CUST0144,2023-07-09 09:14:00,3,63.74,191.22,Beauty,United Kingdom
INV001175,CUST0215,2023-07-09 11:26:00,4,127.76,511.04,Electronics,United Kingdom
INV002432,CUST0241,2023-07-09 21:27:00,8,208.89,1671.12,Clothing,France
INV001760,CUST0059,2023-07-09 22:21:00,1,56.23,56.23,Home & Kitchen,United Kingdom
INV001828,CUST0222,2023-07-10 08:59:00,1,69.49,69.49,Clothing,France
INV000273,CUST0227,2023-07-10 09:53:00,4,256.73,1026.92,Home & Kitchen,Spain
INV000164,CUST0206,2023-07-10 18:35:00,1,43.02,43.02,Sports,United Kingdom
INV002774,CUST0143,2023-07-11 02:16:00,1,79.2,79.2,Home & Kitchen,France
INV002925,CUST0183,2023-07-11 08:03:00,4,165.24,660.96,Sports,United Kingdom
INV000568,CUST0004,2023-07-11 18:01:00,1,50.05,50.05,Home & Kitchen,United Kingdom
INV000674,CUST0178,2023-07-11 21:07:00,1,54.32,54.32,Beauty,United Kingdom
INV000170,CUST0238,2023-07-12 04:26:00,2,40.18,80.36,Clothing,Germany
INV000998,CUST0185,2023-07-12 08:30:00,3,97.66,292.98,Beauty,France
INV002437,CUST0011,2023-07-12 10:10:00,3,57.61,172.83,Clothing,Germany
INV000479,CUST0186,2023-07-12 12:02:00,5,95.67,478.35,Clothing,Spain
INV001973,CUST0249,2023-07-12 12:54:00,9,273.15,2458.35,Home & Kitchen,Germany
INV001152,CUST0154,2023-07-12 14:51:00,3,98.98,296.94,Home & Kitchen,Spain
INV001062,CUST0111,2023-07-13 20:54:00,1,79.03,79.03,Beauty,Germany
INV001719,CUST0207,2023-07-14 05:42:00,1,21.57,21.57,Home & Kitchen,Germany
INV002584,CUST0146,2023-07-14 06:13:00,1,42.56,42.56,Home & Kitchen,Germany
INV001738,CUST0224,2023-07-14 14:47:00,3,44.12,132.36,Clothing,France
INV002134,CUST0191,2023-07-15 03:02:00,2,64.57,129.14,Clothing,United Kingdom
INV001312,CUST0059,2023-07-15 05:25:00,1,63.59,63.59,Home & Kitchen,Spain
INV002346,CUST0119,2023-07-15 17:00:00,8,157.63,1261.04,Beauty,Spain
INV001691,CUST0073,2023-07-15 17:27:00,1,42.74,42.74,Beauty,Germany
INV001575,CUST0029,2023-07-15 19:15:00,2,78.57,157.14,Clothing,France
INV002422,CUST0199,2023-07-15 19:44:00,5,97.93,489.65,Clothing,Germany
INV000840,CUST0113,2023-07-15 22:56:00,5,204.9,1024.5,Home & Kitchen,United Kingdom
INV000979,CUST0134,2023-07-15 23:37:00,3,20.28,60.84,Clothing,United Kingdom
INV002975,CUST0166,2023-07-16 07:26:00,3,127.94,383.82,Home & Kitchen,United Kingdom
INV002360,CUST0219,2023-07-16 12:27:00,3,61.44,184.32,Beauty,United Kingdom
INV002775,CUST0086,2023-07-16 13:26:00,2,23.41,46.82,Home & Kitchen,Germany
INV002045,CUST0242,2023-07-16 14:09:00,6,242.93,1457.58,Beauty,Germany
INV000036,CUST0039,2023-07-17 01:00:00,4,188.93,755.72,Home & Kitchen,France
INV001238,CUST0249,2023-07-17 06:18:00,8,295.1,2360.8,Electronics,Germany
INV000551,CUST0181,2023-07-17 10:59:00,1,90.25,90.25,Sports,United Kingdom
INV002417,CUST0213,2023-07-18 08:35:00,4,131.46,525.84,Home & Kitchen,United Kingdom
INV001966,CUST0126,2023-07-18 17:23:00,6,99.03,594.18,Clothing,Spain
INV001672,CUST0241,2023-07-20 05:48:00,19,117.23,2227.37,Sports,United Kingdom
INV000794,CUST0026,2023-07-20 19:01:00,4,124.92,499.68,Beauty,Spain
INV001926,CUST0241,2023-07-20 19:36:00,12,262.07,3144.84,Electronics,France
INV002621,CUST0146,2023-07-20 20:42:00,3,23.6,70.8,Home & Kitchen,Spain
INV002610,CUST0138,2023-07-20 21:18:00,6,166.28,997.68,Clothing,United Kingdom
INV000162,CUST0185,2023-07-21 01:08:00,2,60.25,120.5,Beauty,France
INV001954,CUST0024,2023-07-21 05:14:00,3,120.97,362.91,Electronics,United Kingdom
INV001257,CUST0196,2023-07-21 07:37:00,1,88.36,88.36,Clothing,United Kingdom
INV002669,CUST0200,2023-07-21 12:22:00,1,99.36,99.36,Home & Kitchen,Germany
INV002147,CUST0037,2023-07-21 12:32:00,4,39.76,159.04,Clothing,United Kingdom
INV001162,CUST0148,2023-07-21 20:40:00,2,75.04,150.08,Clothing,Germany
INV001750,CUST0237,2023-07-21 21:29:00,3,72.27,216.81,Sports,United Kingdom
INV001483,CUST0089,2023-07-21 23:08:00,3,107.95,323.85,Home & Kitchen,United Kingdom
INV001938,CUST0217,2023-07-22 10:23:00,1,72.35,72.35,Clothing,Netherlands
INV000951,CUST0040,2023-07-22 12:05:00,2,54.29,108.58,Electronics,United Kingdom
INV002081,CUST0134,2023-07-22 17:00:00,3,82.24,246.72,Beauty,United Kingdom
INV002574,CUST0037,2023-07-22 17:43:00,3,52.55,157.65,Clothing,Spain
INV000032,CUST0137,2023-07-22 19:23:00,1,88.56,88.56,Beauty,United Kingdom
INV000088,CUST0225,2023-07-23 05:00:00,3,59.54,178.62,Home & Kitchen,United Kingdom
INV002327,CUST0234,2023-07-23 15:01:00,4,5.0,20.0,Sports,Spain
INV001359,CUST0106,2023-07-23 20:10:00,3,42.06,126.18,Home & Kitchen,United Kingdom
INV001671,CUST0122,2023-07-23 20:58:00,8,139.1,1112.8,Clothing,United Kingdom
INV001693,CUST0142,2023-07-24 00:33:00,3,102.51,307.53,Electronics,United Kingdom
INV001555,CUST0170,2023-07-24 06:09:00,4,45.19,180.76,Clothing,Germany
INV002326,CUST0178,2023-07-24 10:24:00,3,108.78,326.34,Sports,United Kingdom
INV000825,CUST0031,2023-07-24 21:34:00,1,128.78,128.78,Beauty,United Kingdom
INV002133,CUST0182,2023-07-26 06:14:00,1,69.31,69.31,Sports,United Kingdom
INV000056,CUST0144,2023-07-26 17:50:00,2,42.35,84.7,Electronics,United Kingdom
INV000737,CUST0056,2023-07-27 00:28:00,12,213.07,2556.84,Clothing,Germany
INV000179,CUST0085,2023-07-27 01:59:00,1,78.2,78.2,Home & Kitchen,France
INV000897,CUST0017,2023-07-27 08:02:00,3,77.84,233.52,Beauty,United Kingdom
INV000858,CUST0118,2023-07-27 09:41:00,1,49.34,49.34,Beauty,United Kingdom
INV002631,CUST0024,2023-07-27 11:57:00,1,60.62,60.62,Electronics,United Kingdom
INV002112,CUST0183,2023-07-27 12:47:00,15,306.24,4593.6,Electronics,United Kingdom
INV000486,CUST0228,2023-07-28 00:14:00,5,66.9,334.5,Home & Kitchen,United Kingdom
INV001419,CUST0227,2023-07-28 02:54:00,9,237.7,2139.3,Clothing,United Kingdom
INV001079,CUST0031,2023-07-28 04:43:00,2,68.15,136.3,Clothing,United Kingdom
INV002427,CUST0093,2023-07-28 08:43:00,6,114.73,688.38,Home & Kitchen,Germany
INV000929,CUST0072,2023-07-29 13:18:00,1,51.49,51.49,Clothing,Netherlands
INV001947,CUST0244,2023-07-29 16:06:00,1,34.88,34.88,Beauty,United Kingdom
INV002846,CUST0128,2023-07-30 01:06:00,2,66.98,133.96,Clothing,Netherlands
INV000539,CUST0129,2023-07-30 04:17:00,3,42.54,127.62,Clothing,Spain
INV000019,CUST0032,2023-07-30 04:57:00,1,38.87,38.87,Beauty,United Kingdom
INV000487,CUST0192,2023-07-30 12:11:00,2,126.39,252.78,Sports,United Kingdom
INV001634,CUST0062,2023-07-30 17:19:00,1,65.83,65.83,Home & Kitchen,Germany
INV000636,CUST0145,2023-07-31 01:48:00,3,72.65,217.95,Electronics,United Kingdom
INV002137,CUST0135,2023-07-31 19:05:00,6,257.66,1545.96,Electronics,United Kingdom
INV002450,CUST0048,2023-08-01 01:12:00,4,72.88,291.52,Electronics,Germany
INV002776,CUST0060,2023-08-01 04:54:00,2,66.77,133.54,Home & Kitchen,United Kingdom
INV001054,CUST0140,2023-08-01 12:17:00,6,153.09,918.54,Beauty,United Kingdom
INV000040,CUST0026,2023-08-01 14:21:00,3,141.69,425.07,Home & Kitchen,Germany
INV002752,CUST0237,2023-08-02 02:18:00,1,73.16,73.16,Home & Kitchen,Germany
INV002080,CUST0132,2023-08-02 05:13:00,3,36.63,109.89,Clothing,United Kingdom
INV002191,CUST0087,2023-08-02 05:41:00,5,184.72,923.6,Electronics,Spain
INV000194,CUST0138,2023-08-02 06:42:00,6,181.9,1091.4,Clothing,United Kingdom
INV000934,CUST0060,2023-08-02 11:36:00,4,66.44,265.76,Home & Kitchen,United Kingdom
INV000597,CUST0047,2023-08-02 13:02:00,1,70.94,70.94,Electronics,Germany
INV000600,CUST0229,2023-08-02 21:23:00,1,169.46,169.46,Beauty,Germany
INV001714,CUST0139,2023-08-03 10:57:00,2,74.44,148.88,Beauty,France
INV000331,CUST0213,2023-08-03 12:22:00,13,84.78,1102.14,Electronics,United Kingdom
INV001009,CUST0123,2023-08-03 14:58:00,1,60.41,60.41,Home & Kitchen,Germany
INV002688,CUST0030,2023-08-04 00:58:00,1,49.07,49.07,Beauty,Germany
INV001613,CUST0073,2023-08-04 07:02:00,1,45.65,45.65,Sports,United Kingdom
INV002158,CUST0096,2023-08-04 23:14:00,1,49.87,49.87,Home & Kitchen,United Kingdom
INV000277,CUST0036,2023-08-05 01:25:00,5,126.86,634.3,Home & Kitchen,Germany
INV002797,CUST0180,2023-08-05 03:08:00,1,63.8,63.8,Beauty,United Kingdom
INV000619,CUST0226,2023-08-05 10:53:00,1,40.21,40.21,Home & Kitchen,France
INV000134,CUST0001,2023-08-06 03:25:00,1,73.15,73.15,Home & Kitchen,United Kingdom
INV001396,CUST0040,2023-08-06 10:07:00,2,83.35,166.7,Electronics,France
INV002873,CUST0126,2023-08-06 12:53:00,1,64.9,64.9,Sports,Germany
INV002357,CUST0232,2023-08-06 18:38:00,1,51.16,51.16,Home & Kitchen,Spain
INV002344,CUST0193,2023-08-07 00:31:00,7,195.04,1365.28,Sports,United Kingdom
INV001178,CUST0184,2023-08-07 06:35:00,5,87.2,436.0,Electronics,United Kingdom
INV002286,CUST0119,2023-08-07 08:45:00,9,145.8,1312.2,Sports,United Kingdom
INV002449,CUST0072,2023-08-07 17:41:00,1,44.49,44.49,Electronics,Germany
INV001018,CUST0109,2023-08-07 21:16:00,1,35.01,35.01,Clothing,United Kingdom
INV000046,CUST0060,2023-08-08 00:54:00,2,83.78,167.56,Home & Kitchen,United Kingdom
INV001413,CUST0033,2023-08-08 04:40:00,2,47.61,95.22,Home & Kitchen,France
INV001519,CUST0167,2023-08-08 05:13:00,4,67.32,269.28,Electronics,United Kingdom
INV000525,CUST0011,2023-08-08 07:22:00,1,55.09,55.09,Clothing,Spain
INV000643,CUST0006,2023-08-08 12:22:00,4,27.76,111.04,Home & Kitchen,United Kingdom
INV002130,CUST0035,2023-08-08 12:25:00,13,286.62,3726.06,Beauty,Netherlands
INV002681,CUST0172,2023-08-08 17:48:00,1,37.61,37.61,Home & Kitchen,United Kingdom
INV001115,CUST0057,2023-08-08 18:42:00,1,49.04,49.04,Electronics,United Kingdom
INV000609,CUST0226,2023-08-09 01:08:00,1,39.8,39.8,Beauty,United Kingdom
INV002969,CUST0232,2023-08-09 08:10:00,1,77.93,77.93,Sports,United Kingdom
INV002746,CUST0226,2023-08-09 08:12:00,1,45.19,45.19,Clothing,Germany
INV001484,CUST0012,2023-08-09 14:44:00,14,257.33,3602.62,Home & Kitchen,United Kingdom
INV002874,CUST0011,2023-08-09 18:23:00,1,63.94,63.94,Clothing,United Kingdom
INV000461,CUST0185,2023-08-09 18:53:00,3,53.96,161.88,Clothing,Spain
INV001020,CUST0180,2023-08-09 20:05:00,2,54.39,108.78,Home & Kitchen,United Kingdom
INV002765,CUST0151,2023-08-10 04:42:00,14,342.54,4795.56,Home & Kitchen,Netherlands
INV000583,CUST0118,2023-08-10 16:15:00,1,37.08,37.08,Electronics,Spain
INV001667,CUST0177,2023-08-10 16:47:00,2,162.38,324.76,Sports,United Kingdom
INV001598,CUST0173,2023-08-11 11:24:00,3,51.2,153.6,Sports,United Kingdom
INV000239,CUST0130,2023-08-11 17:37:00,2,82.5,165.0,Electronics,United Kingdom
INV000082,CUST0070,2023-08-11 22:23:00,5,227.16,1135.8,Electronics,United Kingdom
INV001717,CUST0216,2023-08-12 07:57:00,1,28.14,28.14,Electronics,Germany
INV002349,CUST0202,2023-08-12 13:10:00,1,16.06,16.06,Clothing,United Kingdom
INV002912,CUST0116,2023-08-13 02:11:00,7,48.05,336.35,Home & Kitchen,Spain
INV002002,CUST0102,2023-08-13 09:53:00,2,74.92,149.84,Beauty,United Kingdom
INV000306,CUST0177,2023-08-13 10:27:00,2,100.86,201.72,Clothing,United Kingdom
INV002730,CUST0121,2023-08-13 11:02:00,4,133.31,533.24,Electronics,United Kingdom
INV002211,CUST0217,2023-08-13 19:24:00,1,100.79,100.79,Sports,Germany
INV002872,CUST0130,2023-08-14 01:16:00,3,78.2,234.6,Clothing,France
INV001529,CUST0227,2023-08-14 03:30:00,9,134.24,1208.16,Home & Kitchen,United Kingdom
INV000133,CUST0122,2023-08-14 12:14:00,9,131.23,1181.07,Clothing,United Kingdom
INV001892,CUST0130,2023-08-14 18:27:00,3,31.09,93.27,Electronics,United Kingdom
INV000563,CUST0110,2023-08-14 18:57:00,2,40.63,81.26,Electronics,Germany
INV000050,CUST0036,2023-08-14 21:02:00,8,140.11,1120.88,Electronics,United Kingdom
INV000891,CUST0130,2023-08-15 06:07:00,3,59.41,178.23,Clothing,United Kingdom
INV000123,CUST0218,2023-08-15 11:40:00,4,68.11,272.44,Clothing,Spain
INV001603,CUST0068,2023-08-15 14:16:00,8,98.54,788.32,Beauty,Germany
INV000243,CUST0215,2023-08-15 15:17:00,7,104.72,733.04,Clothing,Germany
INV000872,CUST0037,2023-08-15 16:49:00,1,63.12,63.12,Clothing,United Kingdom
INV002475,CUST0171,2023-08-15 22:05:00,5,115.03,575.15,Beauty,United Kingdom
INV001229,CUST0065,2023-08-16 01:17:00,1,63.38,63.38,Electronics,United Kingdom
INV001643,CUST0148,2023-08-16 02:05:00,1,60.29,60.29,Home & Kitchen,United Kingdom
INV000100,CUST0116,2023-08-16 05:10:00,5,190.84,954.2,Beauty,France
INV002301,CUST0242,2023-08-16 05:30:00,2,226.22,452.44,Electronics,United Kingdom
INV001876,CUST0174,2023-08-16 12:03:00,1,30.78,30.78,Sports,United Kingdom
INV001084,CUST0029,2023-08-16 14:31:00,3,84.79,254.37,Beauty,United Kingdom
INV000654,CUST0249,2023-08-16 16:20:00,3,224.59,673.77,Clothing,United Kingdom
INV000030,CUST0104,2023-08-16 23:42:00,2,55.45,110.9,Sports,United Kingdom
INV000250,CUST0090,2023-08-17 16:27:00,6,57.72,346.32,Clothing,United Kingdom
INV000719,CUST0099,2023-08-17 17:46:00,3,43.95,131.85,Beauty,United Kingdom
INV000555,CUST0165,2023-08-17 18:32:00,1,67.34,67.34,Home & Kitchen,United Kingdom
INV001296,CUST0166,2023-08-17 19:40:00,4,91.58,366.32,Clothing,United Kingdom
INV001591,CUST0103,2023-08-18 00:42:00,1,107.58,107.58,Home & Kitchen,Spain
INV002585,CUST0147,2023-08-18 20:33:00,3,71.29,213.87,Electronics,Germany
INV001293,CUST0020,2023-08-18 23:13:00,2,50.15,100.3,Home & Kitchen,United Kingdom
INV002131,CUST0189,2023-08-19 05:58:00,1,76.09,76.09,Electronics,Netherlands
INV002667,CUST0008,2023-08-19 09:36:00,7,167.37,1171.59,Beauty,France
INV000622,CUST0166,2023-08-19 09:47:00,1,130.25,130.25,Electronics,France
INV002679,CUST0130,2023-08-19 10:41:00,1,79.63,79.63,Clothing,Netherlands
INV000904,CUST0163,2023-08-19 14:15:00,4,79.94,319.76,Sports,Germany
INV002685,CUST0035,2023-08-20 08:31:00,4,225.72,902.88,Electronics,United Kingdom
INV001701,CUST0220,2023-08-20 09:54:00,5,130.64,653.2,Sports,United Kingdom
INV002365,CUST0033,2023-08-20 11:20:00,3,63.03,189.09,Beauty,United Kingdom
INV002911,CUST0229,2023-08-20 13:36:00,5,109.74,548.7,Electronics,France
INV001553,CUST0016,2023-08-20 19:32:00,1,50.23,50.23,Sports,Netherlands
INV000066,CUST0215,2023-08-20 20:50:00,7,138.04,966.28,Clothing,United Kingdom
INV002611,CUST0201,2023-08-21 04:35:00,1,76.99,76.99,Electronics,Spain
INV001795,CUST0077,2023-08-21 05:46:00,6,41.14,246.84,Sports,Germany
INV000288,CUST0113,2023-08-21 08:22:00,10,174.32,1743.2,Sports,Spain
INV000546,CUST0197,2023-08-22 00:02:00,5,89.64,448.2,Beauty,France
INV002447,CUST0085,2023-08-22 00:18:00,5,44.12,220.6,Home & Kitchen,Germany
INV000761,CUST0017,2023-08-23 03:58:00,1,84.13,84.13,Clothing,United Kingdom
INV000829,CUST0152,2023-08-23 19:37:00,1,34.79,34.79,Electronics,United Kingdom
INV000611,CUST0050,2023-08-24 07:44:00,1,58.82,58.82,Beauty,United Kingdom
INV002971,CUST0233,2023-08-24 10:08:00,2,73.98,147.96,Beauty,Spain
INV001328,CUST0201,2023-08-24 20:59:00,5,40.7,203.5,Beauty,France
INV001572,CUST0039,2023-08-25 20:02:00,5,177.77,888.85,Electronics,Spain
INV002919,CUST0214,2023-08-26 03:07:00,3,22.19,66.57,Clothing,United Kingdom
INV001850,CUST0210,2023-08-26 08:04:00,1,43.68,43.68,Sports,United Kingdom
INV002409,CUST0083,2023-08-26 13:18:00,4,79.13,316.52,Beauty,France
INV000478,CUST0136,2023-08-26 22:51:00,5,76.85,384.25,Home & Kitchen,Germany
INV002248,CUST0020,2023-08-27 03:47:00,2,35.1,70.2,Clothing,Spain
INV001039,CUST0043,2023-08-27 04:44:00,1,75.65,75.65,Electronics,United Kingdom
INV002723,CUST0118,2023-08-27 05:12:00,2,52.92,105.84,Sports,United Kingdom
INV000276,CUST0240,2023-08-27 07:14:00,1,59.05,59.05,Sports,United Kingdom
INV001554,CUST0237,2023-08-27 13:20:00,2,108.3,216.6,Clothing,Spain
INV002295,CUST0179,2023-08-27 14:36:00,10,163.25,1632.5,Electronics,United Kingdom
INV000467,CUST0200,2023-08-27 14:39:00,1,158.53,158.53,Electronics,Spain
INV001802,CUST0046,2023-08-28 01:57:00,7,125.38,877.66,Electronics,United Kingdom
INV002529,CUST0159,2023-08-28 03:48:00,2,27.34,54.68,Electronics,United Kingdom
INV000733,CUST0109,2023-08-28 06:02:00,1,55.75,55.75,Beauty,France
INV001194,CUST0115,2023-08-28 08:26:00,2,105.19,210.38,Clothing,United Kingdom
INV002981,CUST0105,2023-08-28 15:02:00,9,150.07,1350.63,Beauty,France
INV002030,CUST0233,2023-08-28 16:09:00,4,57.79,231.16,Electronics,United Kingdom
INV002922,CUST0229,2023-08-29 02:36:00,8,134.42,1075.36,Clothing,United Kingdom
INV002287,CUST0035,2023-08-29 06:14:00,7,58.57,409.99,Home & Kitchen,United Kingdom
INV000826,CUST0040,2023-08-29 08:26:00,2,81.52,163.04,Beauty,United Kingdom
INV001406,CUST0055,2023-08-29 10:09:00,3,97.71,293.13,Electronics,United Kingdom
INV002122,CUST0096,2023-08-29 12:09:00,1,66.25,66.25,Beauty,Germany
INV001125,CUST0038,2023-08-29 17:05:00,1,26.49,26.49,Clothing,Spain
INV002680,CUST0215,2023-08-29 20:54:00,4,106.95,427.8,Clothing,France
INV002022,CUST0202,2023-08-29 23:47:00,1,42.19,42.19,Beauty,Spain
INV001522,CUST0187,2023-08-30 01:58:00,5,145.53,727.65,Home & Kitchen,United Kingdom
INV001424,CUST0109,2023-08-30 05:36:00,2,35.79,71.58,Electronics,United Kingdom
INV002164,CUST0228,2023-08-31 00:47:00,2,63.44,126.88,Sports,United Kingdom
INV001536,CUST0171,2023-08-31 01:08:00,2,124.57,249.14,Beauty,United Kingdom
INV001990,CUST0222,2023-08-31 07:45:00,1,83.37,83.37,Clothing,United Kingdom
INV000824,CUST0243,2023-09-01 05:37:00,8,147.59,1180.72,Electronics,United Kingdom
INV001299,CUST0226,2023-09-01 07:13:00,1,47.43,47.43,Clothing,United Kingdom
INV001189,CUST0168,2023-09-01 08:53:00,1,59.56,59.56,Clothing,United Kingdom
INV000320,CUST0083,2023-09-02 02:16:00,2,76.03,152.06,Electronics,United Kingdom
INV001141,CUST0199,2023-09-02 11:41:00,5,112.79,563.95,Sports,United Kingdom
INV002750,CUST0151,2023-09-02 20:14:00,12,267.66,3211.92,Beauty,United Kingdom
INV002219,CUST0249,2023-09-02 20:27:00,11,170.94,1880.34,Electronics,France
INV001197,CUST0194,2023-09-02 20:55:00,2,83.53,167.06,Home & Kitchen,United Kingdom
INV001528,CUST0152,2023-09-03 06:51:00,1,22.55,22.55,Beauty,Germany
INV001925,CUST0064,2023-09-03 07:20:00,3,43.48,130.44,Beauty,United Kingdom
INV001975,CUST0063,2023-09-03 09:16:00,5,67.75,338.75,Clothing,Germany
INV002251,CUST0204,2023-09-03 12:28:00,5,81.27,406.35,Clothing,United Kingdom
INV001749,CUST0205,2023-09-03 14:55:00,3,113.08,339.24,Home & Kitchen,United Kingdom
INV000470,CUST0152,2023-09-03 20:19:00,2,60.23,120.46,Clothing,United Kingdom
INV001112,CUST0137,2023-09-03 23:37:00,4,84.42,337.68,Clothing,United Kingdom
INV000322,CUST0111,2023-09-04 00:19:00,2,89.41,178.82,Home & Kitchen,Spain
INV002894,CUST0004,2023-09-04 07:13:00,1,57.75,57.75,Electronics,Spain
INV002837,CUST0226,2023-09-05 05:43:00,2,45.55,91.1,Beauty,United Kingdom
INV000053,CUST0065,2023-09-05 14:38:00,4,45.24,180.96,Beauty,France
INV002577,CUST0152,2023-09-05 16:23:00,2,77.8,155.6,Beauty,France
INV000187,CUST0010,2023-09-05 16:42:00,6,121.94,731.64,Home & Kitchen,United Kingdom
INV001012,CUST0118,2023-09-05 16:46:00,1,65.78,65.78,Electronics,United Kingdom
INV000158,CUST0144,2023-09-05 19:22:00,2,85.64,171.28,Sports,United Kingdom
INV000631,CUST0133,2023-09-06 04:17:00,1,57.6,57.6,Sports,United Kingdom
INV001456,CUST0044,2023-09-06 08:33:00,10,275.34,2753.4,Electronics,United Kingdom
INV000521,CUST0146,2023-09-06 15:08:00,1,42.13,42.13,Home & Kitchen,United Kingdom
INV002642,CUST0238,2023-09-06 16:12:00,1,16.84,16.84,Clothing,United Kingdom
INV000705,CUST0214,2023-09-06 21:43:00,2,36.55,73.1,Electronics,Spain
INV001827,CUST0079,2023-09-06 22:56:00,3,51.4,154.2,Home & Kitchen,United Kingdom
INV001721,CUST0072,2023-09-07 01:15:00,2,48.14,96.28,Electronics,United Kingdom
INV002410,CUST0109,2023-09-07 14:54:00,1,26.39,26.39,Clothing,France
INV002986,CUST0169,2023-09-07 17:21:00,1,36.92,36.92,Sports,United Kingdom
INV000259,CUST0237,2023-09-09 02:45:00,3,99.19,297.57,Sports,United Kingdom
INV000142,CUST0232,2023-09-09 15:55:00,1,77.79,77.79,Electronics,United Kingdom
INV000659,CUST0203,2023-09-10 05:53:00,1,36.45,36.45,Electronics,Spain
INV002330,CUST0008,2023-09-10 05:57:00,6,142.76,856.56,Home & Kitchen,United Kingdom
INV002562,CUST0010,2023-09-10 12:03:00,4,173.14,692.56,Beauty,United Kingdom
INV000990,CUST0033,2023-09-10 16:38:00,1,62.56,62.56,Beauty,United Kingdom
INV002500,CUST0240,2023-09-10 19:03:00,2,36.87,73.74,Beauty,United Kingdom
INV001809,CUST0098,2023-09-11 00:07:00,6,85.08,510.48,Electronics,Netherlands
INV001360,CUST0086,2023-09-11 05:22:00,6,69.34,416.04,Clothing,United Kingdom
INV000454,CUST0001,2023-09-11 08:31:00,2,78.26,156.52,Clothing,Germany
INV000573,CUST0032,2023-09-12 05:19:00,2,17.55,35.1,Beauty,United Kingdom
INV002790,CUST0234,2023-09-12 07:02:00,3,55.34,166.02,Beauty,United Kingdom
INV002786,CUST0173,2023-09-12 22:10:00,4,71.78,287.12,Clothing,United Kingdom
INV002274,CUST0108,2023-09-13 10:55:00,1,123.29,123.29,Sports,United Kingdom
INV002904,CUST0052,2023-09-13 11:23:00,11,199.21,2191.31,Electronics,France
INV002419,CUST0065,2023-09-13 16:12:00,3,50.9,152.7,Beauty,Germany
INV002802,CUST0163,2023-09-13 17:15:00,1,68.94,68.94,Sports,United Kingdom
INV002495,CUST0019,2023-09-13 17:35:00,2,69.86,139.72,Electronics,United Kingdom
INV001492,CUST0032,2023-09-14 08:21:00,1,24.78,24.78,Beauty,Netherlands
INV002548,CUST0106,2023-09-15 00:00:00,4,45.09,180.36,Home & Kitchen,Netherlands
INV001382,CUST0046,2023-09-15 02:27:00,4,128.93,515.72,Beauty,Netherlands
INV001637,CUST0153,2023-09-15 03:11:00,2,21.67,43.34,Clothing,France
INV002429,CUST0161,2023-09-15 03:44:00,3,70.43,211.29,Home & Kitchen,Spain
INV000453,CUST0159,2023-09-15 04:06:00,1,43.59,43.59,Sports,United Kingdom
INV002803,CUST0066,2023-09-15 05:52:00,3,77.65,232.95,Home & Kitchen,United Kingdom
INV002072,CUST0084,2023-09-15 17:49:00,1,30.85,30.85,Sports,United Kingdom
INV002937,CUST0120,2023-09-15 19:54:00,3,42.85,128.55,Clothing,Germany
INV002016,CUST0080,2023-09-16 18:07:00,5,38.25,191.25,Clothing,United Kingdom
INV000917,CUST0137,2023-09-17 04:04:00,2,55.96,111.92,Clothing,United Kingdom
INV000339,CUST0181,2023-09-17 04:16:00,2,65.34,130.68,Electronics,United Kingdom
INV000027,CUST0130,2023-09-17 06:38:00,4,46.66,186.64,Clothing,Netherlands
INV002152,CUST0020,2023-09-17 08:23:00,4,40.1,160.4,Clothing,Germany
INV000959,CUST0166,2023-09-17 23:03:00,1,116.06,116.06,Sports,United Kingdom
INV000920,CUST0227,2023-09-17 23:30:00,8,190.94,1527.52,Beauty,Netherlands
INV002896,CUST0103,2023-09-18 03:59:00,7,86.29,604.03,Clothing,United Kingdom
INV001527,CUST0159,2023-09-18 06:53:00,3,30.91,92.73,Electronics,Spain
INV000944,CUST0062,2023-09-18 08:45:00,3,71.75,215.25,Beauty,United Kingdom
INV002395,CUST0068,2023-09-18 13:16:00,3,96.86,290.58,Sports,United Kingdom
INV001871,CUST0203,2023-09-19 10:33:00,2,61.57,123.14,Clothing,Germany
INV000090,CUST0053,2023-09-19 14:52:00,3,247.6,742.8,Sports,Germany
INV000640,CUST0216,2023-09-19 15:07:00,1,46.09,46.09,Beauty,Germany
INV002470,CUST0070,2023-09-19 22:08:00,8,122.52,980.16,Clothing,Germany
INV002460,CUST0226,2023-09-20 07:52:00,1,40.33,40.33,Beauty,United Kingdom
INV001838,CUST0219,2023-09-20 13:56:00,7,58.47,409.29,Electronics,United Kingdom
INV002398,CUST0102,2023-09-20 23:38:00,1,42.0,42.0,Electronics,Netherlands
INV000235,CUST0141,2023-09-21 14:30:00,10,277.18,2771.8,Home & Kitchen,United Kingdom
INV001543,CUST0015,2023-09-21 14:40:00,2,45.51,91.02,Home & Kitchen,United Kingdom
INV000781,CUST0214,2023-09-21 16:30:00,1,45.3,45.3,Sports,United Kingdom
INV001861,CUST0204,2023-09-21 22:26:00,4,147.25,589.0,Electronics,United Kingdom
INV002347,CUST0218,2023-09-21 23:16:00,4,122.32,489.28,Beauty,Spain
INV000214,CUST0084,2023-09-22 05:28:00,2,55.44,110.88,Clothing,United Kingdom
INV001500,CUST0086,2023-09-22 07:39:00,4,66.34,265.36,Home & Kitchen,United Kingdom
INV001246,CUST0008,2023-09-22 12:22:00,5,110.37,551.85,Clothing,United Kingdom
INV002140,CUST0094,2023-09-22 21:44:00,2,54.29,108.58,Electronics,United Kingdom
INV001655,CUST0218,2023-09-23 07:53:00,7,136.75,957.25,Home & Kitchen,France
INV001549,CUST0153,2023-09-23 12:43:00,1,34.13,34.13,Electronics,France
INV002320,CUST0151,2023-09-23 22:13:00,7,137.4,961.8,Beauty,United Kingdom
INV002114,CUST0051,2023-09-24 20:01:00,6,264.19,1585.14,Clothing,United Kingdom
INV001260,CUST0182,2023-09-24 21:15:00,1,52.17,52.17,Clothing,United Kingdom
INV001269,CUST0007,2023-09-24 21:17:00,2,29.37,58.74,Sports,United Kingdom
INV001789,CUST0039,2023-09-24 21:46:00,3,130.18,390.54,Electronics,United Kingdom
INV001422,CUST0081,2023-09-24 23:23:00,6,133.37,800.22,Beauty,United Kingdom
INV002539,CUST0084,2023-09-25 03:06:00,1,41.76,41.76,Clothing,United Kingdom
INV000789,CUST0042,2023-09-25 08:02:00,2,93.09,186.18,Sports,Germany
INV000044,CUST0152,2023-09-25 09:07:00,1,51.82,51.82,Home & Kitchen,United Kingdom
INV000660,CUST0118,2023-09-25 09:49:00,3,31.84,95.52,Electronics,Spain
INV001872,CUST0058,2023-09-25 11:15:00,1,65.7,65.7,Home & Kitchen,Germany
INV001031,CUST0130,2023-09-26 02:01:00,1,83.27,83.27,Electronics,Spain
INV002369,CUST0208,2023-09-26 11:34:00,3,114.66,343.98,Home & Kitchen,United Kingdom
INV000931,CUST0105,2023-09-26 12:42:00,4,274.61,1098.44,Beauty,Germany
INV002721,CUST0115,2023-09-26 16:02:00,4,75.35,301.4,Electronics,United Kingdom
INV000667,CUST0025,2023-09-27 03:04:00,3,62.38,187.14,Beauty,United Kingdom
INV002001,CUST0033,2023-09-27 03:35:00,3,37.04,111.12,Clothing,United Kingdom
INV001353,CUST0153,2023-09-27 10:05:00,4,39.22,156.88,Clothing,Germany
INV001885,CUST0015,2023-09-27 16:12:00,2,31.35,62.7,Beauty,France
INV000386,CUST0132,2023-09-27 16:18:00,1,46.02,46.02,Home & Kitchen,France
INV002314,CUST0171,2023-09-27 17:28:00,5,107.9,539.5,Clothing,Spain
INV000531,CUST0059,2023-09-28 01:10:00,2,28.31,56.62,Electronics,United Kingdom
INV000156,CUST0076,2023-09-28 02:36:00,3,127.69,383.07,Home & Kitchen,United Kingdom
INV001243,CUST0097,2023-09-28 04:14:00,1,89.69,89.69,Beauty,United Kingdom
INV000734,CUST0154,2023-09-28 07:37:00,1,86.72,86.72,Beauty,United Kingdom
INV000915,CUST0120,2023-09-28 13:41:00,6,58.02,348.12,Clothing,United Kingdom
INV001318,CUST0114,2023-09-28 16:04:00,7,120.05,840.35,Beauty,United Kingdom
INV001617,CUST0088,2023-09-29 06:01:00,1,33.21,33.21,Beauty,United Kingdom
INV001994,CUST0239,2023-09-29 16:54:00,1,95.54,95.54,Electronics,United Kingdom
INV002900,CUST0103,2023-09-29 21:17:00,5,108.03,540.15,Beauty,United Kingdom
INV002915,CUST0227,2023-09-29 21:58:00,6,99.84,599.04,Clothing,United Kingdom
INV001596,CUST0177,2023-09-30 01:34:00,3,143.92,431.76,Electronics,United Kingdom
INV000730,CUST0078,2023-09-30 03:43:00,1,41.29,41.29,Electronics,United Kingdom
INV000008,CUST0018,2023-09-30 07:17:00,2,75.64,151.28,Home & Kitchen,Germany
INV002866,CUST0243,2023-09-30 14:55:00,7,254.46,1781.22,Electronics,United Kingdom
INV000422,CUST0113,2023-09-30 20:49:00,8,259.03,2072.24,Sports,United Kingdom
INV000249,CUST0202,2023-09-30 23:57:00,1,16.83,16.83,Electronics,United Kingdom
INV000344,CUST0223,2023-10-01 02:06:00,1,25.11,25.11,Beauty,United Kingdom
INV000125,CUST0062,2023-10-01 02:27:00,4,84.13,336.52,Electronics,United Kingdom
INV002638,CUST0042,2023-10-01 04:46:00,1,83.36,83.36,Clothing,France
INV002192,CUST0042,2023-10-01 11:53:00,2,56.64,113.28,Clothing,Netherlands
INV001121,CUST0244,2023-10-01 19:50:00,1,101.6,101.6,Clothing,United Kingdom
INV000592,CUST0222,2023-10-01 22:49:00,3,67.03,201.09,Clothing,Germany
INV002706,CUST0121,2023-10-02 05:02:00,4,127.57,510.28,Clothing,United Kingdom
INV002636,CUST0218,2023-10-02 06:52:00,1,65.93,65.93,Beauty,United Kingdom
INV002433,CUST0035,2023-10-02 08:01:00,4,258.52,1034.08,Electronics,United Kingdom
INV000924,CUST0064,2023-10-02 21:46:00,2,70.18,140.36,Home & Kitchen,Spain
INV002511,CUST0106,2023-10-02 22:56:00,2,22.66,45.32,Electronics,United Kingdom
INV001276,CUST0147,2023-10-03 05:39:00,3,92.47,277.41,Home & Kitchen,United Kingdom
INV000841,CUST0094,2023-10-03 12:01:00,3,56.38,169.14,Clothing,France
INV000431,CUST0173,2023-10-03 13:02:00,2,78.76,157.52,Home & Kitchen,Spain
INV000721,CUST0207,2023-10-03 14:30:00,1,46.53,46.53,Clothing,Germany
INV002228,CUST0184,2023-10-04 02:22:00,4,153.92,615.68,Beauty,United Kingdom
INV002641,CUST0109,2023-10-04 06:24:00,2,49.08,98.16,Beauty,Spain
INV001725,CUST0146,2023-10-04 09:41:00,1,19.66,19.66,Electronics,Germany
INV002594,CUST0227,2023-10-04 20:27:00,10,264.12,2641.2,Home & Kitchen,United Kingdom
INV002396,CUST0098,2023-10-04 20:57:00,2,64.34,128.68,Beauty,Spain
INV000985,CUST0192,2023-10-04 21:09:00,8,106.21,849.68,Clothing,Spain
INV000785,CUST0168,2023-10-05 08:08:00,2,34.7,69.4,Sports,United Kingdom
INV000135,CUST0239,2023-10-05 08:16:00,3,87.64,262.92,Clothing,United Kingdom
INV001306,CUST0108,2023-10-05 20:00:00,4,130.88,523.52,Clothing,France
INV001403,CUST0227,2023-10-05 21:25:00,9,259.05,2331.45,Home & Kitchen,United Kingdom
INV001402,CUST0232,2023-10-05 21:45:00,1,84.22,84.22,Clothing,United Kingdom
INV002440,CUST0110,2023-10-06 05:14:00,1,30.0,30.0,Beauty,Netherlands
INV001620,CUST0187,2023-10-06 10:32:00,7,107.78,754.46,Clothing,United Kingdom
INV001307,CUST0024,2023-10-06 10:54:00,4,89.01,356.04,Clothing,United Kingdom
INV001969,CUST0228,2023-10-06 20:07:00,2,38.78,77.56,Sports,Germany
INV002115,CUST0044,2023-10-07 03:08:00,10,261.9,2619.0,Electronics,Netherlands
INV000602,CUST0142,2023-10-07 07:41:00,4,61.12,244.48,Home & Kitchen,France
INV001061,CUST0225,2023-10-07 23:16:00,5,96.56,482.8,Home & Kitchen,Netherlands
INV000113,CUST0147,2023-10-08 21:30:00,3,61.46,184.38,Electronics,United Kingdom
INV002664,CUST0027,2023-10-08 22:23:00,2,69.16,138.32,Electronics,United Kingdom
INV000557,CUST0202,2023-10-09 04:21:00,1,59.8,59.8,Clothing,Netherlands
INV002026,CUST0097,2023-10-09 06:59:00,5,73.77,368.85,Sports,United Kingdom
INV002988,CUST0130,2023-10-09 17:08:00,3,90.21,270.63,Sports,France
INV001472,CUST0223,2023-10-10 05:52:00,2,46.67,93.34,Home & Kitchen,Germany
INV002387,CUST0176,2023-10-10 12:23:00,1,46.08,46.08,Clothing,Spain
INV001320,CUST0209,2023-10-10 12:35:00,1,29.46,29.46,Home & Kitchen,France
INV000338,CUST0109,2023-10-10 13:56:00,1,38.06,38.06,Beauty,United Kingdom
INV000294,CUST0105,2023-10-10 14:07:00,7,264.34,1850.38,Beauty,France
INV001869,CUST0160,2023-10-10 14:31:00,5,79.6,398.0,Clothing,United Kingdom
INV000263,CUST0164,2023-10-10 15:48:00,3,56.37,169.11,Electronics,United Kingdom
INV002235,CUST0010,2023-10-11 12:40:00,6,171.91,1031.46,Clothing,Germany
INV001858,CUST0227,2023-10-11 13:03:00,6,214.97,1289.82,Clothing,United Kingdom
INV000607,CUST0166,2023-10-11 20:58:00,3,159.48,478.44,Sports,United Kingdom
INV002151,CUST0126,2023-10-12 17:45:00,2,74.65,149.3,Sports,Germany
INV000297,CUST0113,2023-10-12 19:24:00,11,254.82,2803.02,Beauty,France
INV001348,CUST0041,2023-10-12 23:35:00,2,57.93,115.86,Sports,United Kingdom
INV002928,CUST0219,2023-10-13 21:16:00,4,77.66,310.64,Electronics,Netherlands
INV000679,CUST0021,2023-10-14 01:40:00,1,103.97,103.97,Clothing,United Kingdom
INV000374,CUST0166,2023-10-14 09:09:00,3,93.03,279.09,Clothing,France
INV001619,CUST0140,2023-10-14 18:26:00,9,245.34,2208.06,Clothing,Germany
INV002991,CUST0029,2023-10-14 23:34:00,3,46.42,139.26,Sports,Netherlands
INV001364,CUST0031,2023-10-15 00:52:00,1,61.04,61.04,Clothing,United Kingdom
INV001002,CUST0183,2023-10-15 10:47:00,9,262.83,2365.47,Electronics,United Kingdom
INV001957,CUST0131,2023-10-15 14:12:00,2,89.81,179.62,Electronics,Germany
INV001943,CUST0079,2023-10-16 03:03:00,2,89.77,179.54,Clothing,France
INV002108,CUST0136,2023-10-16 08:02:00,3,63.82,191.46,Home & Kitchen,United Kingdom
INV000175,CUST0144,2023-10-16 12:19:00,2,59.44,118.88,Electronics,Spain
INV001035,CUST0243,2023-10-16 17:41:00,7,184.29,1290.03,Sports,Germany
INV001047,CUST0134,2023-10-16 18:10:00,3,54.9,164.7,Home & Kitchen,United Kingdom
INV001245,CUST0239,2023-10-17 03:18:00,2,99.45,198.9,Electronics,France
INV002306,CUST0217,2023-10-17 05:35:00,1,78.28,78.28,Home & Kitchen,United Kingdom
INV002340,CUST0239,2023-10-17 06:16:00,1,94.0,94.0,Home & Kitchen,Spain
INV000599,CUST0207,2023-10-17 07:46:00,1,58.42,58.42,Clothing,France
INV000109,CUST0114,2023-10-17 12:18:00,2,159.48,318.96,Clothing,United Kingdom
INV002782,CUST0049,2023-10-17 12:22:00,4,53.11,212.44,Home & Kitchen,Spain
INV002869,CUST0162,2023-10-17 18:02:00,4,91.63,366.52,Beauty,United Kingdom
INV002444,CUST0174,2023-10-18 06:23:00,2,40.16,80.32,Beauty,Netherlands
INV001275,CUST0125,2023-10-18 14:27:00,1,42.49,42.49,Home & Kitchen,France
INV000801,CUST0198,2023-10-19 10:14:00,4,107.71,430.84,Clothing,Netherlands
INV000337,CUST0039,2023-10-19 17:51:00,2,108.14,216.28,Beauty,France
INV002646,CUST0097,2023-10-20 05:52:00,2,79.74,159.48,Electronics,United Kingdom
INV002635,CUST0068,2023-10-20 06:29:00,5,161.79,808.95,Beauty,United Kingdom
INV001449,CUST0179,2023-10-20 09:30:00,12,224.18,2690.16,Clothing,United Kingdom
INV001733,CUST0205,2023-10-20 12:21:00,2,33.05,66.1,Beauty,United Kingdom
INV002717,CUST0030,2023-10-20 12:51:00,1,53.46,53.46,Beauty,Germany
INV001584,CUST0184,2023-10-20 14:14:00,4,172.36,689.44,Clothing,United Kingdom
INV002125,CUST0059,2023-10-20 15:13:00,1,62.85,62.85,Electronics,United Kingdom
INV001900,CUST0081,2023-10-20 22:48:00,7,139.48,976.36,Clothing,United Kingdom
INV001980,CUST0130,2023-10-21 00:45:00,5,87.5,437.5,Beauty,United Kingdom
INV002879,CUST0201,2023-10-21 02:58:00,3,52.7,158.1,Clothing,France
INV000038,CUST0170,2023-10-21 09:34:00,1,93.5,93.5,Electronics,United Kingdom
INV001514,CUST0221,2023-10-21 09:53:00,3,126.36,379.08,Clothing,France
INV002263,CUST0204,2023-10-21 11:17:00,6,89.5,537.0,Clothing,United Kingdom
INV000967,CUST0225,2023-10-21 17:51:00,1,58.66,58.66,Clothing,United Kingdom
INV002609,CUST0011,2023-10-22 05:14:00,1,55.35,55.35,Electronics,United Kingdom
INV001271,CUST0151,2023-10-22 06:29:00,8,256.41,2051.28,Clothing,United Kingdom
INV000670,CUST0195,2023-10-22 09:27:00,1,84.68,84.68,Home & Kitchen,Germany
INV000191,CUST0034,2023-10-22 16:59:00,10,230.15,2301.5,Home & Kitchen,United Kingdom
INV000205,CUST0024,2023-10-22 23:25:00,3,50.57,151.71,Clothing,Spain
INV002512,CUST0164,2023-10-23 02:53:00,1,68.18,68.18,Sports,France
INV000821,CUST0137,2023-10-23 18:42:00,4,90.61,362.44,Sports,United Kingdom
INV002843,CUST0188,2023-10-24 05:50:00,1,106.35,106.35,Electronics,United Kingdom
INV001981,CUST0088,2023-10-24 06:56:00,1,60.02,60.02,Electronics,United Kingdom
INV000837,CUST0079,2023-10-24 09:12:00,1,47.65,47.65,Sports,France
INV002656,CUST0196,2023-10-24 19:02:00,2,33.27,66.54,Beauty,United Kingdom
INV001808,CUST0223,2023-10-25 05:53:00,2,52.03,104.06,Electronics,United Kingdom
INV002600,CUST0209,2023-10-25 07:45:00,2,46.64,93.28,Beauty,France
INV002054,CUST0061,2023-10-25 09:12:00,1,54.66,54.66,Electronics,Spain
INV002559,CUST0026,2023-10-25 23:36:00,7,118.26,827.82,Beauty,Netherlands
INV002965,CUST0034,2023-10-26 00:18:00,11,175.42,1929.62,Clothing,Germany
INV000258,CUST0114,2023-10-26 03:57:00,10,60.91,609.1,Beauty,Germany
INV000327,CUST0140,2023-10-26 12:27:00,5,216.44,1082.2,Beauty,United Kingdom
INV002213,CUST0130,2023-10-27 01:35:00,3,87.42,262.26,Clothing,France
INV002836,CUST0149,2023-10-27 13:05:00,1,46.27,46.27,Electronics,Spain
INV002714,CUST0212,2023-10-27 16:24:00,4,170.16,680.64,Home & Kitchen,Germany
INV002704,CUST0190,2023-10-27 16:37:00,3,42.47,127.41,Clothing,Netherlands
INV002761,CUST0075,2023-10-27 20:38:00,10,147.46,1474.6,Electronics,United Kingdom
INV000185,CUST0023,2023-10-28 03:06:00,3,51.84,155.52,Sports,United Kingdom
INV001256,CUST0144,2023-10-28 03:48:00,2,64.21,128.42,Electronics,Germany
INV000011,CUST0223,2023-10-29 07:45:00,2,41.64,83.28,Electronics,France
INV002473,CUST0108,2023-10-29 12:07:00,6,73.23,439.38,Clothing,United Kingdom
INV000140,CUST0048,2023-10-29 12:30:00,6,58.58,351.48,Beauty,United Kingdom
INV002311,CUST0223,2023-10-30 15:11:00,1,59.61,59.61,Home & Kitchen,France
INV001019,CUST0216,2023-10-30 15:32:00,2,41.3,82.6,Clothing,Germany
INV002801,CUST0149,2023-10-30 21:36:00,1,34.75,34.75,Sports,United Kingdom
INV002807,CUST0210,2023-10-31 10:28:00,1,44.74,44.74,Home & Kitchen,United Kingdom
INV002893,CUST0097,2023-10-31 14:55:00,1,57.6,57.6,Home & Kitchen,Germany
INV001905,CUST0221,2023-10-31 16:33:00,5,157.39,786.95,Clothing,United Kingdom
INV001343,CUST0146,2023-10-31 18:07:00,1,41.19,41.19,Electronics,Germany
INV000605,CUST0179,2023-10-31 18:17:00,11,329.81,3627.91,Clothing,Germany
INV000064,CUST0066,2023-10-31 19:36:00,3,66.45,199.35,Clothing,Spain
INV000206,CUST0080,2023-11-01 02:06:00,1,48.45,48.45,Home & Kitchen,United Kingdom
INV002189,CUST0240,2023-11-01 16:02:00,2,35.77,71.54,Electronics,United Kingdom
INV002017,CUST0054,2023-11-01 21:15:00,5,121.3,606.5,Electronics,United Kingdom
INV001685,CUST0230,2023-11-02 01:14:00,1,81.03,81.03,Electronics,United Kingdom
INV002435,CUST0102,2023-11-02 08:21:00,1,70.32,70.32,Beauty,United Kingdom
INV002777,CUST0101,2023-11-02 12:37:00,1,69.29,69.29,Home & Kitchen,Germany
INV001995,CUST0095,2023-11-03 13:55:00,7,102.1,714.7,Beauty,Germany
INV001674,CUST0123,2023-11-03 19:31:00,2,34.37,68.74,Home & Kitchen,Germany
INV001503,CUST0014,2023-11-04 06:11:00,1,57.42,57.42,Beauty,United Kingdom
INV002941,CUST0013,2023-11-04 06:50:00,6,131.81,790.86,Electronics,United Kingdom
INV000991,CUST0244,2023-11-04 09:45:00,5,72.97,364.85,Home & Kitchen,United Kingdom
INV002043,CUST0174,2023-11-04 10:56:00,3,53.55,160.65,Clothing,France
INV001465,CUST0047,2023-11-04 13:57:00,1,90.75,90.75,Clothing,Spain
INV002083,CUST0022,2023-11-04 14:32:00,1,50.03,50.03,Beauty,United Kingdom
INV000946,CUST0089,2023-11-05 02:31:00,1,73.7,73.7,Clothing,Spain
INV000871,CUST0038,2023-11-05 04:03:00,1,35.21,35.21,Home & Kitchen,Germany
INV000772,CUST0068,2023-11-05 06:32:00,9,127.61,1148.49,Beauty,Spain
INV001030,CUST0173,2023-11-05 22:37:00,1,81.34,81.34,Beauty,United Kingdom
INV000696,CUST0078,2023-11-06 07:41:00,3,39.65,118.95,Beauty,Germany
INV000707,CUST0056,2023-11-06 13:35:00,9,307.68,2769.12,Clothing,United Kingdom
INV002046,CUST0143,2023-11-06 17:26:00,5,78.53,392.65,Home & Kitchen,United Kingdom
INV000362,CUST0174,2023-11-06 21:15:00,1,55.59,55.59,Home & Kitchen,United Kingdom
INV002504,CUST0027,2023-11-07 04:14:00,2,60.42,120.84,Clothing,Spain
INV002203,CUST0062,2023-11-07 11:42:00,1,55.09,55.09,Clothing,Germany
INV000668,CUST0195,2023-11-07 12:15:00,1,51.76,51.76,Clothing,United Kingdom
INV001533,CUST0098,2023-11-07 22:55:00,2,47.15,94.3,Clothing,Germany
INV001916,CUST0131,2023-11-08 03:24:00,2,67.2,134.4,Home & Kitchen,Germany
INV001904,CUST0092,2023-11-08 05:24:00,10,104.81,1048.1,Home & Kitchen,United Kingdom
INV002645,CUST0229,2023-11-08 05:31:00,8,77.68,621.44,Beauty,United Kingdom
INV002827,CUST0131,2023-11-09 01:18:00,4,72.92,291.68,Clothing,United Kingdom
INV000033,CUST0043,2023-11-09 04:57:00,2,23.91,47.82,Beauty,United Kingdom
INV000189,CUST0069,2023-11-10 00:10:00,1,31.86,31.86,Electronics,United Kingdom
INV001177,CUST0123,2023-11-10 02:20:00,4,59.02,236.08,Clothing,United Kingdom
INV000510,CUST0010,2023-11-10 12:26:00,8,112.87,902.96,Clothing,France
INV002456,CUST0154,2023-11-10 19:26:00,2,57.92,115.84,Sports,United Kingdom
INV000661,CUST0144,2023-11-10 23:23:00,2,76.46,152.92,Beauty,United Kingdom
INV000637,CUST0074,2023-11-11 16:35:00,5,92.39,461.95,Clothing,United Kingdom
INV000169,CUST0094,2023-11-11 18:05:00,1,38.12,38.12,Sports,United Kingdom
INV002932,CUST0079,2023-11-11 18:42:00,2,55.17,110.34,Clothing,United Kingdom
INV000184,CUST0101,2023-11-11 21:50:00,1,48.67,48.67,Electronics,Netherlands
INV002749,CUST0225,2023-11-12 09:53:00,3,54.82,164.46,Clothing,United Kingdom
INV002493,CUST0141,2023-11-12 18:42:00,9,108.56,977.04,Beauty,United Kingdom
INV000304,CUST0187,2023-11-12 23:16:00,8,13.69,109.52,Electronics,Germany
INV000330,CUST0123,2023-11-13 03:24:00,5,36.22,181.1,Home & Kitchen,United Kingdom
INV001106,CUST0168,2023-11-13 13:04:00,1,81.63,81.63,Sports,United Kingdom
INV001436,CUST0217,2023-11-13 14:13:00,4,47.99,191.96,Sports,Netherlands
INV002563,CUST0216,2023-11-13 16:39:00,1,69.97,69.97,Beauty,United Kingdom
INV001570,CUST0227,2023-11-14 11:29:00,4,173.24,692.96,Clothing,Spain
INV000217,CUST0178,2023-11-14 16:37:00,6,31.82,190.92,Beauty,United Kingdom
INV002660,CUST0130,2023-11-15 00:24:00,4,33.03,132.12,Home & Kitchen,United Kingdom
INV002784,CUST0166,2023-11-15 04:24:00,9,76.58,689.22,Electronics,United Kingdom
INV001937,CUST0174,2023-11-15 05:37:00,1,54.76,54.76,Beauty,United Kingdom
INV000976,CUST0039,2023-11-15 11:52:00,4,173.31,693.24,Home & Kitchen,France
INV002061,CUST0103,2023-11-15 15:04:00,3,51.52,154.56,Home & Kitchen,Germany
INV002870,CUST0010,2023-11-16 07:12:00,9,62.05,558.45,Clothing,United Kingdom
INV001278,CUST0029,2023-11-16 08:08:00,2,81.53,163.06,Sports,United Kingdom
INV001411,CUST0069,2023-11-16 18:22:00,2,37.06,74.12,Electronics,United Kingdom
INV000105,CUST0168,2023-11-16 20:15:00,1,46.07,46.07,Home & Kitchen,United Kingdom
INV001082,CUST0246,2023-11-17 13:08:00,7,220.12,1540.84,Sports,United Kingdom
INV002129,CUST0243,2023-11-17 19:15:00,10,286.99,2869.9,Sports,United Kingdom
INV000973,CUST0104,2023-11-17 21:29:00,1,74.96,74.96,Clothing,United Kingdom
INV001015,CUST0159,2023-11-18 11:21:00,1,52.38,52.38,Home & Kitchen,Spain
INV000482,CUST0028,2023-11-18 18:18:00,1,102.3,102.3,Beauty,Spain
INV001682,CUST0003,2023-11-19 15:25:00,7,143.37,1003.59,Home & Kitchen,United Kingdom
INV000639,CUST0084,2023-11-19 17:52:00,2,30.51,61.02,Clothing,United Kingdom
INV002773,CUST0171,2023-11-19 20:02:00,4,99.36,397.44,Sports,United Kingdom
INV002860,CUST0043,2023-11-20 02:18:00,1,68.36,68.36,Sports,United Kingdom
INV001400,CUST0187,2023-11-20 13:45:00,2,133.47,266.94,Electronics,France
INV000385,CUST0045,2023-11-20 14:24:00,2,72.3,144.6,Sports,Netherlands
INV000847,CUST0194,2023-11-20 19:03:00,2,41.0,82.0,Electronics,United Kingdom
INV000769,CUST0013,2023-11-21 05:30:00,7,81.2,568.4,Home & Kitchen,France
INV001780,CUST0243,2023-11-21 09:09:00,8,231.75,1854.0,Beauty,Netherlands
INV000911,CUST0236,2023-11-21 12:50:00,5,117.1,585.5,Home & Kitchen,Germany
INV000384,CUST0217,2023-11-21 18:21:00,1,87.03,87.03,Home & Kitchen,United Kingdom
INV002463,CUST0207,2023-11-21 22:35:00,4,50.18,200.72,Clothing,United Kingdom
INV002491,CUST0068,2023-11-22 11:19:00,8,98.9,791.2,Clothing,United Kingdom
INV001726,CUST0198,2023-11-22 15:25:00,10,91.23,912.3,Clothing,United Kingdom
INV002503,CUST0238,2023-11-23 01:18:00,1,45.66,45.66,Home & Kitchen,United Kingdom
INV000494,CUST0245,2023-11-23 08:30:00,2,31.95,63.9,Electronics,United Kingdom
INV000280,CUST0231,2023-11-23 10:49:00,3,97.31,291.93,Beauty,United Kingdom
INV000149,CUST0192,2023-11-23 16:02:00,1,245.85,245.85,Home & Kitchen,United Kingdom
INV002210,CUST0231,2023-11-23 17:16:00,7,195.56,1368.92,Sports,Netherlands
INV001976,CUST0214,2023-11-23 17:18:00,1,58.99,58.99,Beauty,France
INV001642,CUST0072,2023-11-24 01:25:00,1,42.11,42.11,Home & Kitchen,United Kingdom
INV002808,CUST0206,2023-11-24 06:12:00,3,54.48,163.44,Clothing,Spain
INV002907,CUST0166,2023-11-24 21:14:00,8,181.07,1448.56,Electronics,United Kingdom
INV000005,CUST0161,2023-11-25 01:14:00,1,90.92,90.92,Clothing,United Kingdom
INV001076,CUST0106,2023-11-25 02:07:00,2,36.94,73.88,Clothing,Spain
INV001207,CUST0129,2023-11-25 04:39:00,3,32.48,97.44,Clothing,United Kingdom
INV000124,CUST0117,2023-11-25 05:10:00,5,112.46,562.3,Clothing,France
INV000102,CUST0047,2023-11-25 07:51:00,6,135.89,815.34,Sports,United Kingdom
INV000709,CUST0107,2023-11-25 08:38:00,3,45.95,137.85,Clothing,France
INV001345,CUST0085,2023-11-25 12:48:00,4,35.21,140.84,Electronics,United Kingdom
INV000688,CUST0001,2023-11-26 13:04:00,3,56.98,170.94,Beauty,United Kingdom
INV000922,CUST0001,2023-11-26 19:40:00,3,69.6,208.8,Electronics,France
INV001231,CUST0247,2023-11-26 21:54:00,1,108.64,108.64,Sports,Germany
INV000578,CUST0039,2023-11-26 23:17:00,5,115.59,577.95,Electronics,United Kingdom
INV001928,CUST0024,2023-11-27 00:45:00,5,61.76,308.8,Electronics,United Kingdom
INV000292,CUST0217,2023-11-27 15:48:00,1,49.76,49.76,Beauty,United Kingdom
INV001227,CUST0093,2023-11-27 16:01:00,5,124.04,620.2,Beauty,United Kingdom
INV002105,CUST0238,2023-11-27 20:37:00,1,50.57,50.57,Clothing,Spain
INV002161,CUST0250,2023-11-27 23:55:00,4,98.01,392.04,Sports,France
INV002629,CUST0203,2023-11-28 07:52:00,1,39.77,39.77,Electronics,United Kingdom
INV000853,CUST0173,2023-11-28 13:24:00,2,85.53,171.06,Electronics,United Kingdom
INV002412,CUST0129,2023-11-29 04:50:00,3,20.77,62.31,Beauty,United Kingdom
INV002888,CUST0238,2023-11-29 07:48:00,1,57.74,57.74,Electronics,Spain
INV001679,CUST0062,2023-11-29 09:45:00,5,71.12,355.6,Clothing,Germany
INV000827,CUST0229,2023-11-29 11:00:00,8,93.91,751.28,Home & Kitchen,United Kingdom
INV000209,CUST0241,2023-11-29 12:53:00,9,179.96,1619.64,Beauty,Netherlands
INV001239,CUST0239,2023-11-29 13:21:00,2,53.08,106.16,Home & Kitchen,United Kingdom
INV001731,CUST0028,2023-11-29 19:22:00,2,68.29,136.58,Beauty,United Kingdom
INV000877,CUST0235,2023-11-30 10:06:00,1,30.98,30.98,Electronics,United Kingdom
INV002737,CUST0200,2023-11-30 10:23:00,4,119.23,476.92,Electronics,Netherlands
INV001241,CUST0067,2023-12-01 07:32:00,1,43.49,43.49,Clothing,United Kingdom
INV002618,CUST0035,2023-12-01 13:24:00,6,284.58,1707.48,Electronics,United Kingdom
INV002942,CUST0213,2023-12-01 14:31:00,5,132.22,661.1,Beauty,United Kingdom
INV001464,CUST0241,2023-12-01 14:32:00,3,244.25,732.75,Beauty,France
INV001060,CUST0217,2023-12-03 03:44:00,2,67.86,135.72,Home & Kitchen,Netherlands
INV002149,CUST0220,2023-12-03 06:33:00,7,86.35,604.45,Clothing,United Kingdom
INV000627,CUST0247,2023-12-03 09:11:00,2,101.67,203.34,Sports,United Kingdom
INV001377,CUST0154,2023-12-03 15:02:00,1,101.02,101.02,Beauty,United Kingdom
INV001993,CUST0110,2023-12-03 21:43:00,2,44.68,89.36,Beauty,United Kingdom
INV002321,CUST0128,2023-12-03 21:45:00,6,154.54,927.24,Electronics,United Kingdom
INV001224,CUST0032,2023-12-04 09:06:00,2,27.76,55.52,Beauty,United Kingdom
INV002492,CUST0021,2023-12-05 00:47:00,2,112.0,224.0,Electronics,Netherlands
INV002252,CUST0001,2023-12-05 03:44:00,2,96.39,192.78,Beauty,United Kingdom
INV001202,CUST0222,2023-12-05 05:43:00,3,68.4,205.2,Clothing,United Kingdom
INV002550,CUST0123,2023-12-05 08:34:00,3,84.2,252.6,Beauty,United Kingdom
INV002206,CUST0125,2023-12-05 10:45:00,3,40.6,121.8,Beauty,Spain
INV000220,CUST0033,2023-12-06 04:19:00,3,51.7,155.1,Clothing,Netherlands
INV000365,CUST0170,2023-12-06 05:26:00,3,95.3,285.9,Sports,United Kingdom
INV001263,CUST0223,2023-12-06 12:04:00,1,54.54,54.54,Sports,United Kingdom
INV000305,CUST0019,2023-12-07 03:06:00,2,34.93,69.86,Home & Kitchen,Germany
INV001862,CUST0007,2023-12-08 12:49:00,1,54.31,54.31,Beauty,Germany
INV000159,CUST0179,2023-12-08 14:03:00,8,285.67,2285.36,Clothing,France
INV001486,CUST0059,2023-12-08 23:58:00,3,17.95,53.85,Beauty,France
INV002783,CUST0042,2023-12-09 03:12:00,1,67.26,67.26,Clothing,Germany
INV000446,CUST0185,2023-12-09 06:39:00,3,58.76,176.28,Clothing,United Kingdom
INV000366,CUST0137,2023-12-09 19:36:00,5,56.89,284.45,Home & Kitchen,United Kingdom
INV000970,CUST0194,2023-12-09 23:33:00,3,86.85,260.55,Home & Kitchen,Germany
INV000852,CUST0179,2023-12-10 02:51:00,6,304.11,1824.66,Sports,Spain
INV001057,CUST0104,2023-12-10 20:27:00,4,88.7,354.8,Beauty,United Kingdom
INV002288,CUST0198,2023-12-11 03:53:00,4,136.69,546.76,Home & Kitchen,Spain
INV001631,CUST0046,2023-12-11 16:55:00,4,70.97,283.88,Sports,United Kingdom
INV000692,CUST0090,2023-12-11 18:30:00,1,38.99,38.99,Clothing,United Kingdom
INV001372,CUST0053,2023-12-12 02:39:00,8,252.39,2019.12,Electronics,United Kingdom
INV002488,CUST0203,2023-12-12 04:48:00,4,8.93,35.72,Home & Kitchen,United Kingdom
INV002589,CUST0183,2023-12-12 15:50:00,7,251.15,1758.05,Beauty,United Kingdom
INV000717,CUST0008,2023-12-12 16:38:00,4,130.69,522.76,Sports,United Kingdom
INV002992,CUST0097,2023-12-13 00:33:00,6,58.15,348.9,Sports,United Kingdom
INV002298,CUST0234,2023-12-13 04:59:00,1,102.65,102.65,Electronics,United Kingdom
INV001778,CUST0058,2023-12-13 11:04:00,2,35.89,71.78,Clothing,United Kingdom
INV001408,CUST0152,2023-12-13 15:29:00,1,58.36,58.36,Beauty,United Kingdom
INV000068,CUST0086,2023-12-13 22:40:00,2,78.16,156.32,Home & Kitchen,Netherlands
INV000889,CUST0013,2023-12-14 05:40:00,1,172.49,172.49,Electronics,France
INV001846,CUST0193,2023-12-14 05:55:00,13,249.11,3238.43,Beauty,France
INV002525,CUST0108,2023-12-14 19:09:00,6,55.55,333.3,Electronics,United Kingdom
INV001822,CUST0224,2023-12-15 02:09:00,2,71.69,143.38,Home & Kitchen,United Kingdom
INV001906,CUST0021,2023-12-15 03:13:00,3,65.81,197.43,Beauty,United Kingdom
INV001968,CUST0084,2023-12-15 19:09:00,2,60.59,121.18,Clothing,United Kingdom
INV002705,CUST0158,2023-12-15 19:14:00,4,76.64,306.56,Home & Kitchen,United Kingdom
INV001439,CUST0104,2023-12-16 04:12:00,2,76.72,153.44,Electronics,Germany
INV002867,CUST0005,2023-12-16 13:51:00,1,48.11,48.11,Home & Kitchen,United Kingdom
INV001437,CUST0061,2023-12-16 20:46:00,2,66.25,132.5,Electronics,United Kingdom
INV002184,CUST0225,2023-12-16 23:53:00,6,82.82,496.92,Clothing,France
INV002901,CUST0124,2023-12-17 08:30:00,1,58.0,58.0,Clothing,United Kingdom
INV000567,CUST0205,2023-12-17 09:40:00,3,53.28,159.84,Clothing,France
INV001284,CUST0197,2023-12-17 15:57:00,3,126.65,379.95,Electronics,Germany
INV000725,CUST0214,2023-12-17 19:33:00,2,54.06,108.12,Beauty,France
INV001922,CUST0162,2023-12-18 05:25:00,1,65.53,65.53,Electronics,United Kingdom
INV002826,CUST0180,2023-12-18 11:45:00,1,47.95,47.95,Clothing,United Kingdom
INV002957,CUST0139,2023-12-18 14:11:00,1,84.58,84.58,Electronics,Spain
INV000395,CUST0091,2023-12-18 19:48:00,1,58.45,58.45,Electronics,Germany
INV002947,CUST0181,2023-12-18 21:46:00,3,82.33,246.99,Beauty,United Kingdom
INV002757,CUST0219,2023-12-19 04:19:00,3,59.67,179.01,Beauty,Spain
INV000984,CUST0042,2023-12-19 12:22:00,2,102.16,204.32,Beauty,Germany
INV002844,CUST0012,2023-12-20 14:07:00,10,204.88,2048.8,Clothing,United Kingdom
INV000204,CUST0016,2023-12-20 18:12:00,2,19.62,39.24,Home & Kitchen,United Kingdom
INV001688,CUST0125,2023-12-20 18:26:00,1,52.07,52.07,Clothing,United Kingdom
INV001510,CUST0072,2023-12-21 01:14:00,2,48.62,97.24,Clothing,Germany
INV000213,CUST0219,2023-12-21 04:18:00,3,93.65,280.95,Sports,United Kingdom
INV001763,CUST0013,2023-12-22 03:42:00,5,108.91,544.55,Sports,Netherlands
INV002358,CUST0113,2023-12-22 08:04:00,9,301.66,2714.94,Sports,United Kingdom
INV001363,CUST0057,2023-12-22 09:44:00,1,28.83,28.83,Sports,United Kingdom
INV002477,CUST0021,2023-12-22 15:51:00,4,32.87,131.48,Beauty,United Kingdom
INV002244,CUST0094,2023-12-23 02:43:00,3,77.21,231.63,Electronics,Germany
INV001184,CUST0049,2023-12-23 02:57:00,3,112.18,336.54,Beauty,United Kingdom
INV001958,CUST0148,2023-12-23 05:00:00,2,69.81,139.62,Clothing,United Kingdom
INV002908,CUST0231,2023-12-23 11:31:00,8,78.16,625.28,Electronics,United Kingdom
INV001890,CUST0116,2023-12-23 12:31:00,8,55.82,446.56,Beauty,United Kingdom
INV001191,CUST0018,2023-12-23 14:51:00,1,74.91,74.91,Electronics,United Kingdom
INV002020,CUST0148,2023-12-23 14:59:00,2,80.32,160.64,Home & Kitchen,United Kingdom
INV000509,CUST0194,2023-12-24 02:33:00,3,64.1,192.3,Clothing,France
INV002064,CUST0041,2023-12-24 05:29:00,1,43.63,43.63,Electronics,Germany
INV001781,CUST0031,2023-12-24 10:03:00,1,99.19,99.19,Sports,United Kingdom
INV002675,CUST0058,2023-12-25 05:55:00,1,51.91,51.91,Electronics,France
INV002076,CUST0007,2023-12-25 10:14:00,1,38.39,38.39,Clothing,United Kingdom
INV002519,CUST0090,2023-12-25 22:35:00,2,59.77,119.54,Clothing,United Kingdom
INV001539,CUST0183,2023-12-26 02:12:00,10,292.43,2924.3,Clothing,France
INV001381,CUST0122,2023-12-26 08:12:00,6,112.61,675.66,Beauty,Netherlands
INV000992,CUST0222,2023-12-26 09:57:00,4,105.14,420.56,Clothing,Germany
INV000237,CUST0095,2023-12-26 10:45:00,3,58.72,176.16,Clothing,United Kingdom
INV002090,CUST0106,2023-12-26 10:49:00,2,48.89,97.78,Beauty,United Kingdom
INV000963,CUST0143,2023-12-26 23:13:00,1,65.18,65.18,Beauty,Germany
INV002696,CUST0077,2023-12-27 06:59:00,7,155.35,1087.45,Clothing,Netherlands
INV001282,CUST0129,2023-12-27 08:33:00,1,42.93,42.93,Clothing,Spain
INV002279,CUST0130,2023-12-27 15:39:00,1,79.08,79.08,Clothing,United Kingdom
INV000843,CUST0230,2023-12-27 19:50:00,1,89.98,89.98,Beauty,United Kingdom
INV000309,CUST0189,2023-12-27 21:41:00,1,84.36,84.36,Electronics,United Kingdom
INV002513,CUST0158,2023-12-28 10:38:00,5,176.51,882.55,Electronics,United Kingdom
INV002000,CUST0217,2023-12-28 15:34:00,3,18.45,55.35,Beauty,United Kingdom
INV002676,CUST0003,2023-12-28 23:36:00,4,71.16,284.64,Home & Kitchen,United Kingdom
INV001622,CUST0037,2023-12-29 13:30:00,3,85.03,255.09,Beauty,United Kingdom
INV002693,CUST0186,2023-12-29 16:23:00,1,118.71,118.71,Beauty,United Kingdom
INV002625,CUST0125,2023-12-29 21:04:00,1,48.31,48.31,Clothing,Germany
INV000590,CUST0236,2023-12-30 01:19:00,4,142.31,569.24,Sports,United Kingdom
INV002380,CUST0192,2023-12-30 21:21:00,5,50.75,253.75,Electronics,Spain
INV002257,CUST0028,2023-12-31 03:43:00,4,20.94,83.76,Clothing,Germany
INV000726,CUST0014,2023-12-31 20:32:00,3,60.91,182.73,Beauty,United Kingdom
INV000003,CUST0160,2024-01-01 03:10:00,2,32.38,64.76,Beauty,France
INV001708,CUST0170,2024-01-01 10:27:00,1,108.46,108.46,Electronics,France
INV001683,CUST0160,2024-01-01 17:21:00,7,77.37,541.59,Home & Kitchen,Netherlands
INV002096,CUST0087,2024-01-01 17:33:00,1,150.08,150.08,Sports,United Kingdom
INV001501,CUST0250,2024-01-02 06:58:00,7,123.56,864.92,Electronics,Germany
INV000834,CUST0220,2024-01-02 23:37:00,4,108.07,432.28,Beauty,United Kingdom
INV002181,CUST0040,2024-01-03 00:36:00,2,83.85,167.7,Electronics,United Kingdom
INV000936,CUST0035,2024-01-03 03:16:00,4,369.69,1478.76,Clothing,United Kingdom
INV002385,CUST0169,2024-01-03 05:17:00,2,54.39,108.78,Electronics,Germany
INV002490,CUST0015,2024-01-03 11:59:00,3,58.87,176.61,Electronics,Spain
INV000701,CUST0026,2024-01-03 19:14:00,4,154.27,617.08,Beauty,France
INV000329,CUST0180,2024-01-04 09:27:00,2,66.24,132.48,Home & Kitchen,United Kingdom
INV001460,CUST0017,2024-01-04 11:14:00,1,49.25,49.25,Home & Kitchen,Germany
INV002394,CUST0203,2024-01-04 12:46:00,1,44.5,44.5,Beauty,France
INV002254,CUST0064,2024-01-04 15:09:00,1,73.1,73.1,Electronics,United Kingdom
INV000353,CUST0239,2024-01-04 17:11:00,4,45.72,182.88,Home & Kitchen,United Kingdom
INV001281,CUST0002,2024-01-04 17:30:00,9,251.44,2262.96,Home & Kitchen,Germany
INV002615,CUST0153,2024-01-04 20:02:00,1,64.48,64.48,Electronics,Netherlands
INV001249,CUST0096,2024-01-05 00:47:00,4,73.43,293.72,Beauty,Netherlands
INV002964,CUST0196,2024-01-05 20:21:00,3,52.74,158.22,Home & Kitchen,United Kingdom
INV000574,CUST0034,2024-01-06 02:11:00,9,359.42,3234.78,Home & Kitchen,France
INV002478,CUST0151,2024-01-06 21:03:00,6,258.58,1551.48,Electronics,Spain
INV000520,CUST0065,2024-01-06 21:20:00,2,64.28,128.56,Beauty,United Kingdom
INV000983,CUST0200,2024-01-06 23:06:00,7,103.1,721.7,Beauty,United Kingdom
INV002726,CUST0104,2024-01-07 03:18:00,7,105.61,739.27,Beauty,United Kingdom
INV000319,CUST0052,2024-01-07 22:39:00,4,92.63,370.52,Clothing,France
INV002799,CUST0073,2024-01-08 08:50:00,1,26.22,26.22,Clothing,United Kingdom
INV000796,CUST0226,2024-01-08 12:30:00,1,57.8,57.8,Clothing,Germany
INV000481,CUST0178,2024-01-08 12:48:00,2,53.75,107.5,Sports,Germany
INV002097,CUST0012,2024-01-08 16:34:00,4,149.17,596.68,Electronics,France
INV000883,CUST0010,2024-01-08 18:52:00,2,184.59,369.18,Home & Kitchen,Spain
INV002237,CUST0118,2024-01-08 19:31:00,2,41.8,83.6,Electronics,Netherlands
INV002954,CUST0227,2024-01-08 20:35:00,14,237.78,3328.92,Electronics,United Kingdom
INV000910,CUST0188,2024-01-08 21:23:00,2,55.4,110.8,Clothing,Germany
INV000875,CUST0100,2024-01-08 23:30:00,2,39.86,79.72,Sports,United Kingdom
INV001314,CUST0215,2024-01-09 05:03:00,6,141.53,849.18,Electronics,Germany
INV001692,CUST0068,2024-01-09 19:02:00,8,98.38,787.04,Electronics,United Kingdom
INV001383,CUST0064,2024-01-10 02:17:00,4,58.15,232.6,Home & Kitchen,Spain
INV000172,CUST0244,2024-01-10 02:49:00,4,74.83,299.32,Clothing,United Kingdom
INV001986,CUST0209,2024-01-10 05:31:00,1,29.65,29.65,Electronics,United Kingdom
INV002103,CUST0147,2024-01-10 07:09:00,2,50.62,101.24,Home & Kitchen,United Kingdom
INV000261,CUST0157,2024-01-10 13:44:00,4,83.39,333.56,Home & Kitchen,United Kingdom
INV000671,CUST0155,2024-01-11 06:06:00,10,119.77,1197.7,Clothing,Spain
INV001391,CUST0115,2024-01-11 15:40:00,1,65.46,65.46,Electronics,Spain
INV001104,CUST0055,2024-01-11 19:10:00,4,65.55,262.2,Sports,Spain
INV001468,CUST0080,2024-01-11 21:46:00,2,14.49,28.98,Electronics,United Kingdom
INV001431,CUST0073,2024-01-11 22:01:00,2,46.1,92.2,Home & Kitchen,United Kingdom
INV001204,CUST0179,2024-01-12 05:25:00,8,285.68,2285.44,Beauty,Germany
INV002862,CUST0060,2024-01-12 06:15:00,4,74.23,296.92,Electronics,Germany
INV002804,CUST0091,2024-01-13 03:27:00,1,31.51,31.51,Clothing,United Kingdom
INV000165,CUST0220,2024-01-13 06:56:00,4,110.12,440.48,Clothing,United Kingdom
INV000477,CUST0090,2024-01-13 11:09:00,1,99.24,99.24,Clothing,United Kingdom
INV001118,CUST0169,2024-01-13 12:47:00,1,63.36,63.36,Home & Kitchen,Germany
INV000868,CUST0090,2024-01-13 14:11:00,3,75.24,225.72,Clothing,United Kingdom
INV001582,CUST0185,2024-01-13 23:23:00,2,91.37,182.74,Electronics,United Kingdom
INV000638,CUST0017,2024-01-14 08:46:00,2,71.43,142.86,Clothing,France
INV002367,CUST0147,2024-01-14 10:07:00,3,50.67,152.01,Beauty,Germany
INV000634,CUST0138,2024-01-14 19:50:00,1,124.89,124.89,Electronics,United Kingdom
INV001638,CUST0199,2024-01-15 10:27:00,6,75.05,450.3,Clothing,Germany
INV001006,CUST0066,2024-01-15 20:43:00,2,62.32,124.64,Clothing,United Kingdom
INV000553,CUST0229,2024-01-16 07:33:00,2,47.45,94.9,Sports,Netherlands
INV001623,CUST0061,2024-01-16 12:02:00,2,56.69,113.38,Electronics,United Kingdom
INV001192,CUST0001,2024-01-16 13:25:00,2,94.46,188.92,Electronics,United Kingdom
INV002113,CUST0032,2024-01-16 16:32:00,2,57.36,114.72,Clothing,United Kingdom
INV001520,CUST0227,2024-01-16 16:51:00,10,173.53,1735.3,Home & Kitchen,United Kingdom
INV001050,CUST0047,2024-01-17 01:04:00,3,32.27,96.81,Sports,United Kingdom
INV001998,CUST0011,2024-01-17 06:32:00,1,63.47,63.47,Home & Kitchen,Germany
INV002747,CUST0142,2024-01-17 11:55:00,3,101.17,303.51,Beauty,United Kingdom
INV000628,CUST0106,2024-01-17 15:07:00,1,37.97,37.97,Clothing,United Kingdom
INV002581,CUST0167,2024-01-17 19:40:00,1,55.02,55.02,Home & Kitchen,United Kingdom
INV002443,CUST0194,2024-01-17 23:29:00,6,55.63,333.78,Clothing,United Kingdom
INV001668,CUST0009,2024-01-18 00:14:00,4,108.52,434.08,Sports,France
INV001392,CUST0026,2024-01-18 03:20:00,4,98.32,393.28,Clothing,France
INV002976,CUST0042,2024-01-18 04:17:00,1,101.17,101.17,Sports,United Kingdom
INV001860,CUST0125,2024-01-18 13:42:00,1,62.42,62.42,Home & Kitchen,United Kingdom
INV002921,CUST0199,2024-01-18 18:50:00,8,158.74,1269.92,Clothing,United Kingdom
INV002578,CUST0019,2024-01-18 20:14:00,2,98.67,197.34,Electronics,United Kingdom
INV000108,CUST0013,2024-01-19 03:29:00,4,147.15,588.6,Beauty,Germany
INV001996,CUST0166,2024-01-19 10:16:00,5,120.66,603.3,Sports,Germany
INV002177,CUST0012,2024-01-20 00:21:00,11,298.67,3285.37,Beauty,United Kingdom
INV001262,CUST0142,2024-01-20 05:46:00,3,56.37,169.11,Beauty,Germany
INV002092,CUST0203,2024-01-20 18:41:00,1,32.73,32.73,Beauty,United Kingdom
INV000620,CUST0052,2024-01-20 23:53:00,3,138.08,414.24,Home & Kitchen,Spain
INV001897,CUST0203,2024-01-21 09:33:00,1,46.16,46.16,Electronics,Netherlands
INV001480,CUST0200,2024-01-21 16:57:00,8,94.9,759.2,Home & Kitchen,United Kingdom
INV002697,CUST0221,2024-01-21 17:26:00,6,87.34,524.04,Beauty,France
INV001779,CUST0249,2024-01-22 01:27:00,4,291.09,1164.36,Beauty,United Kingdom
INV000777,CUST0146,2024-01-22 01:32:00,1,33.67,33.67,Electronics,United Kingdom
INV000900,CUST0143,2024-01-22 03:26:00,2,62.88,125.76,Beauty,United Kingdom
INV000434,CUST0061,2024-01-22 04:22:00,2,62.24,124.48,Beauty,United Kingdom
INV000045,CUST0013,2024-01-22 12:02:00,8,155.37,1242.96,Home & Kitchen,United Kingdom
INV000128,CUST0137,2024-01-22 14:37:00,6,48.95,293.7,Electronics,Germany
INV002119,CUST0211,2024-01-23 03:15:00,2,79.33,158.66,Beauty,Netherlands
INV002428,CUST0217,2024-01-23 05:55:00,4,64.29,257.16,Clothing,Spain
INV002035,CUST0116,2024-01-23 14:38:00,10,119.81,1198.1,Beauty,France
INV001341,CUST0075,2024-01-23 20:00:00,3,132.22,396.66,Beauty,Spain
INV001297,CUST0222,2024-01-24 01:38:00,6,55.5,333.0,Electronics,Spain
INV001215,CUST0202,2024-01-24 10:39:00,2,13.21,26.42,Beauty,United Kingdom
INV000516,CUST0119,2024-01-24 13:25:00,5,97.15,485.75,Home & Kitchen,United Kingdom
INV002353,CUST0145,2024-01-24 22:15:00,2,63.56,127.12,Electronics,United Kingdom
INV000278,CUST0210,2024-01-25 05:58:00,1,51.06,51.06,Electronics,France
INV000727,CUST0218,2024-01-25 19:08:00,5,47.65,238.25,Electronics,France
INV000870,CUST0064,2024-01-25 19:14:00,1,59.97,59.97,Beauty,France
INV001656,CUST0169,2024-01-26 03:14:00,1,64.91,64.91,Clothing,Germany
INV001580,CUST0245,2024-01-26 08:02:00,1,58.95,58.95,Clothing,United Kingdom
INV001673,CUST0061,2024-01-26 10:08:00,2,91.62,183.24,Electronics,United Kingdom
INV000540,CUST0149,2024-01-26 13:54:00,1,46.87,46.87,Home & Kitchen,France
INV000039,CUST0247,2024-01-26 20:19:00,1,56.8,56.8,Sports,France
INV001070,CUST0068,2024-01-26 20:51:00,3,161.37,484.11,Beauty,Germany
INV002406,CUST0141,2024-01-27 00:52:00,5,338.46,1692.3,Electronics,Germany
INV001865,CUST0033,2024-01-27 02:18:00,1,69.58,69.58,Beauty,Spain
INV002929,CUST0149,2024-01-27 07:36:00,2,45.2,90.4,Beauty,Spain
INV000955,CUST0014,2024-01-27 22:36:00,1,43.47,43.47,Clothing,United Kingdom
INV001901,CUST0126,2024-01-28 14:20:00,4,73.86,295.44,Clothing,Germany
INV002230,CUST0045,2024-01-28 15:03:00,3,65.06,195.18,Sports,United Kingdom
INV002106,CUST0100,2024-01-29 13:15:00,2,35.38,70.76,Clothing,United Kingdom
INV002710,CUST0145,2024-01-29 18:12:00,1,66.86,66.86,Home & Kitchen,United Kingdom
INV002565,CUST0121,2024-01-30 02:28:00,6,66.93,401.58,Clothing,Netherlands
INV000098,CUST0109,2024-01-30 06:27:00,3,55.27,165.81,Home & Kitchen,France
INV000925,CUST0150,2024-01-30 14:25:00,5,70.15,350.75,Sports,United Kingdom
INV001369,CUST0012,2024-01-30 16:43:00,7,321.81,2252.67,Clothing,United Kingdom
INV000087,CUST0101,2024-01-30 16:48:00,1,62.19,62.19,Home & Kitchen,United Kingdom
INV002194,CUST0014,2024-01-31 06:36:00,1,44.68,44.68,Electronics,France
INV001143,CUST0198,2024-01-31 09:18:00,7,33.74,236.18,Home & Kitchen,United Kingdom
INV002246,CUST0001,2024-01-31 10:50:00,4,51.44,205.76,Beauty,France
INV001094,CUST0149,2024-01-31 13:55:00,1,49.31,49.31,Electronics,Spain
INV000318,CUST0128,2024-01-31 15:16:00,2,125.18,250.36,Clothing,United Kingdom
INV000462,CUST0203,2024-01-31 21:03:00,1,30.62,30.62,Beauty,Germany
INV001743,CUST0067,2024-01-31 23:32:00,1,40.54,40.54,Clothing,France
INV000438,CUST0118,2024-02-01 01:41:00,3,32.9,98.7,Home & Kitchen,United Kingdom
INV002049,CUST0119,2024-02-01 09:39:00,5,89.07,445.35,Home & Kitchen,United Kingdom
INV002653,CUST0070,2024-02-01 21:17:00,10,200.74,2007.4,Clothing,United Kingdom
INV000281,CUST0096,2024-02-02 04:47:00,1,106.43,106.43,Home & Kitchen,Spain
INV002587,CUST0202,2024-02-02 23:47:00,1,43.98,43.98,Clothing,United Kingdom
INV001001,CUST0155,2024-02-02 23:47:00,8,214.52,1716.16,Clothing,United Kingdom
INV001624,CUST0229,2024-02-03 03:52:00,1,107.04,107.04,Clothing,United Kingdom
INV001417,CUST0148,2024-02-03 05:01:00,2,62.36,124.72,Beauty,United Kingdom
INV002763,CUST0180,2024-02-03 05:49:00,1,44.97,44.97,Beauty,United Kingdom
INV001963,CUST0206,2024-02-03 05:51:00,1,37.09,37.09,Electronics,Germany
INV002307,CUST0050,2024-02-03 15:00:00,1,42.29,42.29,Electronics,Germany
INV001355,CUST0122,2024-02-03 16:33:00,8,97.92,783.36,Electronics,United Kingdom
INV002619,CUST0007,2024-02-03 19:52:00,1,36.8,36.8,Home & Kitchen,United Kingdom
INV000029,CUST0017,2024-02-04 21:30:00,1,88.61,88.61,Clothing,France
INV001130,CUST0162,2024-02-05 08:56:00,2,5.0,10.0,Home & Kitchen,Spain
INV001294,CUST0005,2024-02-05 12:23:00,1,41.6,41.6,Clothing,United Kingdom
INV001615,CUST0049,2024-02-05 20:20:00,2,103.85,207.7,Clothing,United Kingdom
INV001147,CUST0177,2024-02-05 21:37:00,5,138.82,694.1,Clothing,United Kingdom
INV000816,CUST0062,2024-02-06 00:24:00,1,35.29,35.29,Beauty,United Kingdom
INV001159,CUST0084,2024-02-06 20:07:00,2,46.45,92.9,Home & Kitchen,United Kingdom
INV000862,CUST0225,2024-02-07 02:28:00,1,15.02,15.02,Clothing,United Kingdom
INV002575,CUST0068,2024-02-07 08:39:00,4,106.2,424.8,Sports,United Kingdom
INV002124,CUST0105,2024-02-07 11:01:00,9,228.69,2058.21,Sports,United Kingdom
INV001785,CUST0160,2024-02-07 12:50:00,7,117.46,822.22,Home & Kitchen,Spain
INV000154,CUST0247,2024-02-07 12:59:00,2,84.41,168.82,Clothing,Spain
INV000855,CUST0133,2024-02-07 15:53:00,1,33.32,33.32,Clothing,United Kingdom
INV000491,CUST0145,2024-02-08 05:54:00,3,46.45,139.35,Clothing,United Kingdom
INV002262,CUST0229,2024-02-08 16:19:00,6,146.81,880.86,Home & Kitchen,United Kingdom
INV002225,CUST0193,2024-02-08 16:52:00,11,186.88,2055.68,Home & Kitchen,United Kingdom
INV002558,CUST0137,2024-02-09 03:04:00,2,60.91,121.82,Electronics,Germany
INV000570,CUST0193,2024-02-09 09:58:00,5,216.29,1081.45,Clothing,United Kingdom
INV001898,CUST0027,2024-02-09 11:36:00,1,35.76,35.76,Home & Kitchen,United Kingdom
INV002018,CUST0086,2024-02-09 15:07:00,2,54.78,109.56,Beauty,France
INV002215,CUST0070,2024-02-10 02:32:00,7,283.36,1983.52,Clothing,United Kingdom
INV000067,CUST0191,2024-02-10 11:44:00,2,34.04,68.08,Beauty,United Kingdom
INV001641,CUST0059,2024-02-10 16:21:00,1,25.07,25.07,Beauty,United Kingdom
INV002639,CUST0032,2024-02-10 16:49:00,1,36.96,36.96,Home & Kitchen,Germany
INV002220,CUST0028,2024-02-10 18:47:00,1,80.83,80.83,Clothing,France
INV001815,CUST0240,2024-02-10 22:02:00,1,63.02,63.02,Clothing,Netherlands
INV001625,CUST0171,2024-02-11 07:57:00,6,129.11,774.66,Clothing,United Kingdom
INV001579,CUST0062,2024-02-11 08:36:00,3,66.76,200.28,Sports,United Kingdom
INV000013,CUST0058,2024-02-11 23:43:00,1,44.82,44.82,Clothing,Netherlands
INV001524,CUST0103,2024-02-12 18:32:00,1,68.99,68.99,Home & Kitchen,United Kingdom
INV000731,CUST0216,2024-02-13 02:46:00,1,42.9,42.9,Clothing,United Kingdom
INV001234,CUST0215,2024-02-13 04:05:00,1,179.9,179.9,Clothing,Spain
INV000458,CUST0003,2024-02-13 11:11:00,4,113.07,452.28,Electronics,United Kingdom
INV001145,CUST0088,2024-02-13 12:32:00,3,83.94,251.82,Electronics,United Kingdom
INV002732,CUST0149,2024-02-13 14:52:00,1,77.71,77.71,Home & Kitchen,Germany
INV002728,CUST0108,2024-02-14 00:15:00,3,147.11,441.33,Home & Kitchen,United Kingdom
INV001052,CUST0046,2024-02-14 03:39:00,4,180.47,721.88,Beauty,United Kingdom
INV001199,CUST0220,2024-02-14 23:13:00,4,99.01,396.04,Electronics,United Kingdom
INV002063,CUST0160,2024-02-15 20:02:00,4,146.4,585.6,Electronics,Spain
INV002617,CUST0064,2024-02-16 15:38:00,2,57.25,114.5,Electronics,Germany
INV001264,CUST0055,2024-02-16 15:53:00,5,69.6,348.0,Electronics,United Kingdom
INV001228,CUST0008,2024-02-16 19:27:00,5,118.47,592.35,Electronics,United Kingdom
INV001602,CUST0242,2024-02-16 22:35:00,4,291.8,1167.2,Sports,United Kingdom
INV001283,CUST0047,2024-02-17 03:32:00,2,65.82,131.64,Electronics,France
INV002233,CUST0031,2024-02-17 03:38:00,1,78.15,78.15,Electronics,France
INV001526,CUST0014,2024-02-17 03:49:00,1,41.53,41.53,Sports,United Kingdom
INV001165,CUST0220,2024-02-17 05:40:00,9,61.12,550.08,Electronics,Netherlands
INV002551,CUST0141,2024-02-17 13:37:00,7,246.06,1722.42,Electronics,Germany
INV001316,CUST0224,2024-02-17 17:51:00,1,73.08,73.08,Clothing,United Kingdom
INV002062,CUST0223,2024-02-18 06:56:00,1,21.82,21.82,Sports,United Kingdom
INV000691,CUST0012,2024-02-18 07:10:00,7,292.08,2044.56,Clothing,Netherlands
INV001550,CUST0141,2024-02-18 08:44:00,9,318.35,2865.15,Electronics,United Kingdom
INV000009,CUST0025,2024-02-18 19:20:00,2,113.18,226.36,Sports,United Kingdom
INV001142,CUST0180,2024-02-18 21:45:00,2,51.57,103.14,Electronics,Germany
INV000662,CUST0008,2024-02-19 05:02:00,5,194.46,972.3,Beauty,United Kingdom
INV001459,CUST0189,2024-02-19 09:53:00,3,80.1,240.3,Electronics,Spain
INV001854,CUST0175,2024-02-19 10:05:00,1,61.3,61.3,Electronics,United Kingdom
INV000632,CUST0029,2024-02-19 10:09:00,3,33.02,99.06,Electronics,United Kingdom
INV002297,CUST0012,2024-02-20 03:44:00,5,198.22,991.1,Beauty,France
INV001321,CUST0014,2024-02-20 09:36:00,1,55.89,55.89,Sports,United Kingdom
INV002157,CUST0179,2024-02-20 10:41:00,7,188.74,1321.18,Sports,United Kingdom
INV000598,CUST0151,2024-02-20 13:05:00,8,302.97,2423.76,Beauty,Spain
INV000287,CUST0012,2024-02-20 21:55:00,9,319.5,2875.5,Home & Kitchen,Germany
INV002809,CUST0020,2024-02-21 00:38:00,3,76.76,230.28,Clothing,France
INV002004,CUST0136,2024-02-21 15:10:00,5,70.22,351.1,Electronics,Germany
INV002745,CUST0244,2024-02-22 08:07:00,3,60.81,182.43,Home & Kitchen,United Kingdom
INV002350,CUST0158,2024-02-22 10:21:00,2,123.69,247.38,Sports,United Kingdom
INV000886,CUST0138,2024-02-22 11:52:00,8,100.8,806.4,Beauty,United Kingdom
INV002209,CUST0248,2024-02-22 21:51:00,6,274.95,1649.7,Beauty,United Kingdom
INV001379,CUST0220,2024-02-23 01:34:00,3,69.74,209.22,Electronics,United Kingdom
INV002968,CUST0082,2024-02-23 02:30:00,1,61.79,61.79,Electronics,France
INV002116,CUST0082,2024-02-23 09:11:00,1,75.94,75.94,Clothing,United Kingdom
INV001109,CUST0175,2024-02-23 16:41:00,2,58.23,116.46,Electronics,France
INV001611,CUST0238,2024-02-24 01:15:00,1,60.44,60.44,Clothing,United Kingdom
INV001875,CUST0226,2024-02-24 04:38:00,1,32.31,32.31,Home & Kitchen,United Kingdom
INV000950,CUST0146,2024-02-24 06:31:00,1,27.44,27.44,Beauty,United Kingdom
INV000500,CUST0141,2024-02-24 07:48:00,4,189.34,757.36,Beauty,United Kingdom
INV002486,CUST0025,2024-02-24 10:17:00,1,49.41,49.41,Sports,United Kingdom
INV001649,CUST0237,2024-02-24 12:19:00,4,56.34,225.36,Sports,Germany
INV001601,CUST0158,2024-02-24 15:27:00,5,107.18,535.9,Beauty,United Kingdom
INV000193,CUST0223,2024-02-24 17:59:00,1,36.82,36.82,Beauty,France
INV002414,CUST0054,2024-02-24 18:37:00,2,128.52,257.04,Beauty,Netherlands
INV000315,CUST0028,2024-02-24 21:13:00,3,79.27,237.81,Sports,United Kingdom
INV002028,CUST0225,2024-02-24 23:31:00,1,34.19,34.19,Clothing,United Kingdom
INV001232,CUST0067,2024-02-24 23:57:00,1,57.13,57.13,Home & Kitchen,France
INV000694,CUST0034,2024-02-25 08:00:00,8,137.25,1098.0,Sports,United Kingdom
INV001775,CUST0133,2024-02-25 08:24:00,2,36.92,73.84,Home & Kitchen,Netherlands
INV002355,CUST0136,2024-02-25 11:22:00,1,101.83,101.83,Electronics,Netherlands
INV001630,CUST0063,2024-02-25 14:07:00,4,108.63,434.52,Home & Kitchen,Germany
INV001308,CUST0081,2024-02-25 16:57:00,6,5.0,30.0,Electronics,France
INV000139,CUST0118,2024-02-26 01:14:00,1,43.64,43.64,Electronics,France
INV000559,CUST0145,2024-02-26 01:48:00,2,27.64,55.28,Clothing,United Kingdom
INV001155,CUST0213,2024-02-26 03:06:00,6,100.44,602.64,Beauty,France
INV002549,CUST0047,2024-02-26 13:25:00,4,70.24,280.96,Home & Kitchen,Spain
INV000835,CUST0075,2024-02-27 03:28:00,5,106.96,534.8,Beauty,United Kingdom
INV001552,CUST0161,2024-02-27 10:31:00,5,76.18,380.9,Beauty,Spain
INV001823,CUST0226,2024-02-27 14:17:00,1,82.24,82.24,Electronics,Germany
INV001412,CUST0056,2024-02-27 18:30:00,9,232.72,2094.48,Electronics,United Kingdom
INV001322,CUST0009,2024-02-27 21:29:00,2,65.2,130.4,Electronics,Spain
INV001614,CUST0143,2024-02-28 01:18:00,1,50.5,50.5,Clothing,United Kingdom
INV001347,CUST0100,2024-02-28 22:45:00,1,35.34,35.34,Clothing,France
INV000058,CUST0204,2024-02-28 23:13:00,4,38.03,152.12,Sports,United Kingdom
INV000463,CUST0012,2024-02-29 12:49:00,9,135.14,1216.26,Beauty,United Kingdom
INV002897,CUST0040,2024-03-01 04:11:00,7,76.01,532.07,Home & Kitchen,Germany
INV000681,CUST0210,2024-03-01 04:28:00,2,61.87,123.74,Sports,United Kingdom
INV000854,CUST0044,2024-03-02 09:16:00,8,179.92,1439.36,Clothing,United Kingdom
INV001433,CUST0040,2024-03-02 10:38:00,2,102.68,205.36,Electronics,United Kingdom
INV001309,CUST0202,2024-03-02 23:55:00,1,65.69,65.69,Electronics,United Kingdom
INV000754,CUST0217,2024-03-03 03:42:00,3,73.54,220.62,Clothing,United Kingdom
INV001710,CUST0207,2024-03-03 07:44:00,1,57.34,57.34,Clothing,Spain
INV002218,CUST0089,2024-03-03 08:02:00,6,167.81,1006.86,Clothing,United Kingdom
INV001140,CUST0025,2024-03-03 09:28:00,3,113.16,339.48,Home & Kitchen,United Kingdom
INV001003,CUST0033,2024-03-03 09:34:00,1,55.41,55.41,Beauty,Germany
INV001590,CUST0153,2024-03-03 12:23:00,1,36.58,36.58,Home & Kitchen,Netherlands
INV002050,CUST0172,2024-03-03 16:56:00,1,45.37,45.37,Home & Kitchen,United Kingdom
INV000856,CUST0070,2024-03-04 03:50:00,6,293.29,1759.74,Electronics,Netherlands
INV000275,CUST0099,2024-03-04 05:34:00,1,39.05,39.05,Beauty,United Kingdom
INV001180,CUST0062,2024-03-04 08:08:00,2,86.96,173.92,Beauty,United Kingdom
INV002878,CUST0207,2024-03-05 05:18:00,1,62.89,62.89,Beauty,Germany
INV002923,CUST0086,2024-03-05 10:27:00,1,73.37,73.37,Clothing,United Kingdom
INV002593,CUST0049,2024-03-05 10:33:00,3,86.26,258.78,Sports,United Kingdom
INV002303,CUST0043,2024-03-05 11:44:00,1,49.87,49.87,Beauty,United Kingdom
INV002142,CUST0159,2024-03-05 12:20:00,1,49.61,49.61,Electronics,Germany
INV001886,CUST0119,2024-03-05 23:13:00,4,84.01,336.04,Home & Kitchen,United Kingdom
INV002918,CUST0092,2024-03-06 04:02:00,4,154.27,617.08,Clothing,United Kingdom
INV002842,CUST0173,2024-03-06 23:18:00,1,108.24,108.24,Sports,United Kingdom
INV002583,CUST0089,2024-03-06 23:20:00,1,134.16,134.16,Clothing,Spain
INV000063,CUST0098,2024-03-07 11:34:00,3,67.81,203.43,Beauty,United Kingdom
INV000070,CUST0153,2024-03-07 12:19:00,1,35.65,35.65,Beauty,Germany
INV001873,CUST0215,2024-03-08 00:21:00,3,174.94,524.82,Clothing,United Kingdom
INV002272,CUST0207,2024-03-08 14:41:00,1,43.25,43.25,Sports,United Kingdom
INV000746,CUST0237,2024-03-09 02:42:00,1,88.92,88.92,Home & Kitchen,United Kingdom
INV000988,CUST0111,2024-03-09 11:38:00,3,78.71,236.13,Home & Kitchen,Spain
INV002533,CUST0241,2024-03-09 11:46:00,12,251.54,3018.48,Electronics,United Kingdom
INV001024,CUST0136,2024-03-09 14:01:00,1,71.64,71.64,Clothing,United Kingdom
INV000232,CUST0043,2024-03-09 15:32:00,1,69.57,69.57,Sports,Germany
INV000382,CUST0145,2024-03-09 19:43:00,3,61.28,183.84,Home & Kitchen,United Kingdom
INV002955,CUST0241,2024-03-09 23:02:00,7,183.34,1283.38,Beauty,United Kingdom
INV002604,CUST0143,2024-03-10 04:13:00,2,114.55,229.1,Home & Kitchen,United Kingdom
INV002823,CUST0054,2024-03-10 04:47:00,3,137.73,413.19,Clothing,United Kingdom
INV002372,CUST0048,2024-03-10 05:45:00,1,57.39,57.39,Clothing,United Kingdom
INV002199,CUST0069,2024-03-10 11:20:00,1,32.44,32.44,Home & Kitchen,France
INV001967,CUST0236,2024-03-10 14:57:00,1,129.48,129.48,Clothing,United Kingdom
INV002057,CUST0134,2024-03-10 19:15:00,4,87.42,349.68,Electronics,United Kingdom
INV001251,CUST0078,2024-03-10 20:42:00,3,64.37,193.11,Clothing,United Kingdom
INV001766,CUST0089,2024-03-11 07:00:00,6,116.61,699.66,Electronics,Spain
INV000060,CUST0215,2024-03-12 03:39:00,6,131.41,788.46,Beauty,United Kingdom
INV001203,CUST0166,2024-03-12 13:18:00,5,85.68,428.4,Home & Kitchen,United Kingdom
INV000613,CUST0082,2024-03-12 21:19:00,3,80.98,242.94,Clothing,United Kingdom
INV001265,CUST0176,2024-03-12 22:44:00,1,58.08,58.08,Home & Kitchen,United Kingdom
INV000518,CUST0033,2024-03-13 05:25:00,1,48.57,48.57,Home & Kitchen,Spain
INV002138,CUST0076,2024-03-13 06:45:00,3,181.89,545.67,Home & Kitchen,Germany
INV000137,CUST0096,2024-03-13 14:30:00,3,66.82,200.46,Clothing,Germany
INV002736,CUST0210,2024-03-13 15:23:00,1,42.59,42.59,Clothing,Germany
INV001826,CUST0060,2024-03-13 16:33:00,2,74.43,148.86,Home & Kitchen,Spain
INV000441,CUST0229,2024-03-13 17:20:00,4,189.24,756.96,Electronics,United Kingdom
INV000810,CUST0247,2024-03-13 21:00:00,7,44.12,308.84,Sports,United Kingdom
INV002670,CUST0050,2024-03-14 00:59:00,1,60.61,60.61,Beauty,Germany
INV001119,CUST0035,2024-03-14 06:35:00,14,203.34,2846.76,Clothing,Netherlands
INV000358,CUST0236,2024-03-14 10:18:00,6,118.66,711.96,Clothing,Spain
INV000832,CUST0066,2024-03-14 18:12:00,3,75.13,225.39,Electronics,United Kingdom
INV002333,CUST0129,2024-03-15 05:36:00,2,37.65,75.3,Home & Kitchen,Netherlands
INV001150,CUST0235,2024-03-15 07:42:00,1,69.57,69.57,Electronics,United Kingdom
INV001361,CUST0213,2024-03-15 14:07:00,2,107.48,214.96,Electronics,United Kingdom
INV001909,CUST0101,2024-03-16 01:34:00,1,43.18,43.18,Electronics,United Kingdom
INV000505,CUST0115,2024-03-16 01:49:00,2,70.37,140.74,Electronics,Germany
INV001432,CUST0201,2024-03-16 04:01:00,1,66.89,66.89,Sports,United Kingdom
INV001398,CUST0164,2024-03-16 05:14:00,5,89.52,447.6,Clothing,Germany
INV000334,CUST0151,2024-03-16 06:47:00,6,146.23,877.38,Clothing,United Kingdom
INV000926,CUST0060,2024-03-16 16:33:00,3,84.05,252.15,Electronics,United Kingdom
INV001985,CUST0205,2024-03-16 20:57:00,1,79.48,79.48,Home & Kitchen,United Kingdom
INV000427,CUST0117,2024-03-17 07:28:00,9,180.09,1620.81,Home & Kitchen,Spain
INV000512,CUST0030,2024-03-17 10:26:00,1,12.42,12.42,Sports,United Kingdom
INV000738,CUST0115,2024-03-17 14:01:00,3,82.87,248.61,Sports,France
INV002999,CUST0028,2024-03-17 23:19:00,2,61.36,122.72,Electronics,United Kingdom
INV000857,CUST0154,2024-03-18 03:08:00,3,61.5,184.5,Clothing,Netherlands
INV000848,CUST0079,2024-03-18 06:48:00,3,94.04,282.12,Home & Kitchen,Spain
INV002779,CUST0234,2024-03-18 15:29:00,1,46.31,46.31,Beauty,Spain
INV000444,CUST0147,2024-03-18 17:55:00,3,77.57,232.71,Clothing,Germany
INV000813,CUST0094,2024-03-19 00:03:00,2,97.88,195.76,Electronics,United Kingdom
INV002053,CUST0203,2024-03-19 00:15:00,1,63.73,63.73,Home & Kitchen,France
INV002760,CUST0193,2024-03-19 03:58:00,8,269.57,2156.56,Beauty,Germany
INV001139,CUST0152,2024-03-19 12:43:00,1,35.93,35.93,Electronics,Spain
INV000474,CUST0122,2024-03-19 18:20:00,2,137.69,275.38,Clothing,Germany
INV000355,CUST0009,2024-03-19 18:55:00,2,53.42,106.84,Clothing,Spain
INV000420,CUST0249,2024-03-19 21:25:00,9,129.46,1165.14,Beauty,United Kingdom
INV002789,CUST0216,2024-03-20 00:18:00,1,20.0,20.0,Beauty,United Kingdom
INV002561,CUST0015,2024-03-20 07:43:00,1,64.72,64.72,Beauty,France
INV001848,CUST0218,2024-03-20 16:46:00,6,117.84,707.04,Clothing,United Kingdom
INV002067,CUST0008,2024-03-20 18:49:00,2,99.76,199.52,Clothing,Netherlands
INV002759,CUST0201,2024-03-20 19:11:00,3,82.32,246.96,Clothing,United Kingdom
INV001285,CUST0148,2024-03-20 21:36:00,5,94.87,474.35,Beauty,United Kingdom
INV000266,CUST0249,2024-03-21 00:51:00,6,286.8,1720.8,Clothing,United Kingdom
INV002592,CUST0175,2024-03-21 03:21:00,2,23.62,47.24,Home & Kitchen,United Kingdom
INV000993,CUST0231,2024-03-21 08:36:00,2,79.8,159.6,Home & Kitchen,France
INV001666,CUST0215,2024-03-21 19:18:00,3,93.74,281.22,Electronics,United Kingdom
INV002270,CUST0156,2024-03-21 21:28:00,3,60.81,182.43,Beauty,United Kingdom
INV000041,CUST0099,2024-03-22 01:24:00,1,66.37,66.37,Clothing,United Kingdom
INV000513,CUST0242,2024-03-22 02:34:00,4,269.65,1078.6,Beauty,United Kingdom
INV001621,CUST0250,2024-03-22 03:17:00,8,109.55,876.4,Beauty,United Kingdom
INV000723,CUST0127,2024-03-22 12:39:00,4,143.74,574.96,Home & Kitchen,Netherlands
INV000392,CUST0108,2024-03-22 15:30:00,7,155.22,1086.54,Beauty,United Kingdom
INV001075,CUST0127,2024-03-23 04:05:00,2,134.75,269.5,Clothing,United Kingdom
INV000400,CUST0126,2024-03-23 15:50:00,4,64.0,256.0,Clothing,Spain
INV002468,CUST0176,2024-03-23 20:29:00,1,48.44,48.44,Beauty,United Kingdom
INV001764,CUST0107,2024-03-24 04:48:00,3,77.77,233.31,Clothing,United Kingdom
INV001849,CUST0120,2024-03-24 07:38:00,3,60.34,181.02,Clothing,United Kingdom
INV000069,CUST0051,2024-03-24 12:48:00,6,191.67,1150.02,Home & Kitchen,United Kingdom
INV001632,CUST0088,2024-03-24 21:31:00,8,121.19,969.52,Electronics,United Kingdom
INV002743,CUST0204,2024-03-25 06:32:00,5,151.37,756.85,Clothing,France
INV002363,CUST0046,2024-03-25 07:53:00,1,126.16,126.16,Clothing,United Kingdom
INV001230,CUST0057,2024-03-25 10:29:00,1,29.43,29.43,Clothing,Spain
INV000695,CUST0177,2024-03-25 10:40:00,5,84.73,423.65,Beauty,Germany
INV000346,CUST0133,2024-03-25 11:05:00,1,50.65,50.65,Beauty,United Kingdom
INV000702,CUST0249,2024-03-25 16:31:00,5,375.04,1875.2,Home & Kitchen,Spain
INV001132,CUST0017,2024-03-25 18:08:00,2,70.44,140.88,Electronics,United Kingdom
INV000148,CUST0231,2024-03-26 11:12:00,2,136.87,273.74,Clothing,Germany
INV000317,CUST0223,2024-03-27 20:39:00,1,41.83,41.83,Electronics,United Kingdom
INV001040,CUST0027,2024-03-28 16:38:00,1,45.73,45.73,Electronics,United Kingdom
INV001628,CUST0039,2024-03-28 18:41:00,5,149.35,746.75,Home & Kitchen,United Kingdom
INV001148,CUST0029,2024-03-29 01:13:00,3,82.47,247.41,Home & Kitchen,Spain
INV000550,CUST0003,2024-03-29 21:54:00,5,124.92,624.6,Beauty,United Kingdom
INV001939,CUST0145,2024-03-29 23:33:00,6,83.78,502.68,Clothing,Netherlands
INV000533,CUST0177,2024-03-30 03:19:00,5,144.86,724.3,Clothing,France
INV001773,CUST0188,2024-03-30 03:27:00,3,22.2,66.6,Electronics,United Kingdom
INV000222,CUST0189,2024-03-30 07:12:00,4,80.32,321.28,Electronics,United Kingdom
INV002278,CUST0078,2024-03-30 12:19:00,1,37.85,37.85,Electronics,Netherlands
INV002453,CUST0156,2024-03-30 16:27:00,1,52.42,52.42,Beauty,United Kingdom
INV001499,CUST0213,2024-03-30 16:34:00,3,88.33,264.99,Clothing,France
INV002484,CUST0124,2024-03-31 05:02:00,2,46.18,92.36,Home & Kitchen,France
INV000519,CUST0118,2024-03-31 07:32:00,1,60.84,60.84,Electronics,France
INV000806,CUST0150,2024-03-31 08:25:00,4,75.15,300.6,Sports,France
INV001720,CUST0038,2024-03-31 09:33:00,1,42.13,42.13,Electronics,United Kingdom
INV002651,CUST0097,2024-03-31 12:23:00,4,101.98,407.92,Sports,Spain
INV000809,CUST0070,2024-03-31 12:54:00,7,250.51,1753.57,Sports,United Kingdom
INV001430,CUST0245,2024-03-31 14:14:00,1,29.58,29.58,Electronics,Germany
INV001538,CUST0218,2024-03-31 14:44:00,3,165.81,497.43,Clothing,United Kingdom
INV001600,CUST0120,2024-03-31 15:02:00,3,81.02,243.06,Beauty,United Kingdom
INV002322,CUST0126,2024-03-31 18:04:00,5,68.29,341.45,Clothing,United Kingdom
INV001844,CUST0138,2024-03-31 23:49:00,2,143.96,287.92,Beauty,Netherlands
INV001800,CUST0224,2024-04-01 09:20:00,2,96.57,193.14,Electronics,France
INV001829,CUST0037,2024-04-01 12:08:00,1,97.27,97.27,Electronics,Netherlands
INV001378,CUST0213,2024-04-01 13:54:00,5,145.45,727.25,Clothing,United Kingdom
INV001948,CUST0199,2024-04-02 00:01:00,1,89.49,89.49,Beauty,United Kingdom
INV000530,CUST0086,2024-04-02 02:23:00,1,56.27,56.27,Home & Kitchen,United Kingdom
INV000223,CUST0179,2024-04-02 02:44:00,7,269.95,1889.65,Home & Kitchen,United Kingdom
INV000284,CUST0190,2024-04-02 05:17:00,3,38.29,114.87,Beauty,United Kingdom
INV002104,CUST0055,2024-04-02 18:56:00,3,71.97,215.91,Clothing,Germany
INV001610,CUST0181,2024-04-02 19:13:00,3,64.61,193.83,Clothing,United Kingdom
INV002855,CUST0060,2024-04-02 23:45:00,4,51.6,206.4,Beauty,Netherlands
INV002756,CUST0002,2024-04-03 06:01:00,12,274.44,3293.28,Clothing,United Kingdom
INV002543,CUST0054,2024-04-03 19:17:00,3,175.58,526.74,Beauty,United Kingdom
INV000409,CUST0220,2024-04-03 19:28:00,3,87.64,262.92,Electronics,United Kingdom
INV001374,CUST0138,2024-04-03 21:02:00,3,53.05,159.15,Home & Kitchen,United Kingdom
INV001784,CUST0138,2024-04-04 08:46:00,11,86.68,953.48,Clothing,France
INV000264,CUST0217,2024-04-04 08:52:00,1,62.72,62.72,Beauty,Spain
INV001608,CUST0176,2024-04-04 12:21:00,3,30.86,92.58,Beauty,France
INV002479,CUST0107,2024-04-04 15:51:00,2,49.11,98.22,Clothing,France
INV002517,CUST0077,2024-04-05 15:22:00,4,83.28,333.12,Beauty,United Kingdom
INV000457,CUST0118,2024-04-05 22:58:00,3,60.79,182.37,Electronics,Spain
INV000545,CUST0209,2024-04-06 00:27:00,1,35.73,35.73,Beauty,Spain
INV001931,CUST0015,2024-04-06 01:25:00,1,19.31,19.31,Beauty,United Kingdom
INV002719,CUST0023,2024-04-06 06:13:00,4,31.73,126.92,Clothing,United Kingdom
INV002931,CUST0230,2024-04-06 12:39:00,1,54.6,54.6,Electronics,United Kingdom
INV002153,CUST0188,2024-04-06 13:24:00,3,74.97,224.91,Clothing,United Kingdom
INV000758,CUST0202,2024-04-06 15:10:00,1,48.63,48.63,Home & Kitchen,France
INV002708,CUST0144,2024-04-06 17:35:00,3,104.59,313.77,Electronics,France
INV000995,CUST0164,2024-04-06 18:13:00,1,49.92,49.92,Electronics,Germany
INV001837,CUST0068,2024-04-07 00:09:00,7,169.9,1189.3,Electronics,United Kingdom
INV000364,CUST0168,2024-04-07 00:20:00,3,30.22,90.66,Clothing,United Kingdom
INV002822,CUST0080,2024-04-07 02:49:00,1,55.58,55.58,Clothing,Netherlands
INV002293,CUST0161,2024-04-07 04:44:00,2,62.33,124.66,Beauty,France
INV002683,CUST0102,2024-04-07 08:04:00,1,92.43,92.43,Electronics,United Kingdom
INV002343,CUST0034,2024-04-07 13:08:00,8,298.98,2391.84,Clothing,Germany
INV001410,CUST0150,2024-04-07 17:24:00,1,84.24,84.24,Clothing,France
INV000865,CUST0140,2024-04-08 07:23:00,8,185.69,1485.52,Clothing,Spain
INV000909,CUST0062,2024-04-08 09:53:00,2,33.14,66.28,Sports,Germany
INV001713,CUST0005,2024-04-08 12:57:00,1,35.55,35.55,Sports,United Kingdom
INV001698,CUST0184,2024-04-08 15:03:00,4,124.42,497.68,Beauty,Germany
INV002193,CUST0172,2024-04-08 20:00:00,1,46.61,46.61,Beauty,Germany
INV001988,CUST0021,2024-04-09 11:35:00,3,61.36,184.08,Electronics,United Kingdom
INV001196,CUST0242,2024-04-09 15:21:00,5,166.64,833.2,Beauty,Netherlands
INV001653,CUST0226,2024-04-09 16:54:00,1,43.97,43.97,Sports,Netherlands
INV000101,CUST0094,2024-04-09 18:52:00,2,25.15,50.3,Beauty,United Kingdom
INV001183,CUST0029,2024-04-09 20:37:00,1,64.58,64.58,Beauty,United Kingdom
INV002457,CUST0153,2024-04-09 21:53:00,1,67.59,67.59,Beauty,United Kingdom
INV000012,CUST0054,2024-04-10 01:28:00,6,177.86,1067.16,Beauty,United Kingdom
INV001335,CUST0186,2024-04-10 23:22:00,2,137.25,274.5,Home & Kitchen,Germany
INV000252,CUST0115,2024-04-11 19:14:00,4,40.58,162.32,Sports,United Kingdom
INV001670,CUST0020,2024-04-11 23:32:00,1,58.27,58.27,Clothing,Netherlands
INV002720,CUST0092,2024-04-12 00:15:00,3,80.83,242.49,Clothing,Netherlands
INV000575,CUST0092,2024-04-12 04:23:00,3,130.42,391.26,Beauty,France
INV002389,CUST0073,2024-04-12 12:35:00,3,33.51,100.53,Clothing,Spain
INV000831,CUST0006,2024-04-12 13:35:00,1,34.62,34.62,Sports,Germany
INV000472,CUST0117,2024-04-12 19:18:00,3,137.27,411.81,Clothing,France
INV002944,CUST0242,2024-04-13 03:26:00,6,251.86,1511.16,Clothing,United Kingdom
INV002236,CUST0195,2024-04-13 09:32:00,6,52.62,315.72,Electronics,United Kingdom
INV000020,CUST0175,2024-04-13 21:39:00,4,52.77,211.08,Clothing,France
INV000548,CUST0133,2024-04-15 08:01:00,1,69.58,69.58,Clothing,United Kingdom
INV000229,CUST0161,2024-04-15 10:20:00,6,89.7,538.2,Home & Kitchen,United Kingdom
INV000577,CUST0072,2024-04-15 17:12:00,1,32.47,32.47,Beauty,United Kingdom
INV002098,CUST0141,2024-04-15 17:58:00,14,238.97,3345.58,Clothing,Germany
INV001107,CUST0143,2024-04-15 18:03:00,6,38.19,229.14,Electronics,United Kingdom
INV002703,CUST0106,2024-04-16 11:15:00,2,53.49,106.98,Home & Kitchen,United Kingdom
INV001577,CUST0241,2024-04-16 15:31:00,6,355.36,2132.16,Home & Kitchen,United Kingdom
INV001817,CUST0211,2024-04-16 18:02:00,1,62.13,62.13,Clothing,Spain
INV000892,CUST0084,2024-04-16 18:22:00,1,36.79,36.79,Beauty,United Kingdom
INV001101,CUST0001,2024-04-17 12:15:00,6,97.11,582.66,Sports,United Kingdom
INV001399,CUST0113,2024-04-17 18:35:00,6,107.72,646.32,Sports,United Kingdom
INV001805,CUST0233,2024-04-17 23:46:00,3,93.64,280.92,Clothing,United Kingdom
INV002095,CUST0012,2024-04-18 00:58:00,7,160.41,1122.87,Electronics,United Kingdom
INV000311,CUST0147,2024-04-18 01:11:00,1,52.22,52.22,Electronics,France
INV002881,CUST0083,2024-04-18 07:33:00,4,37.87,151.48,Electronics,France
INV001049,CUST0023,2024-04-18 09:11:00,2,40.24,80.48,Home & Kitchen,Germany
INV000406,CUST0126,2024-04-18 13:08:00,6,101.59,609.54,Clothing,United Kingdom
INV000468,CUST0102,2024-04-18 15:56:00,3,96.71,290.13,Clothing,Germany
INV000579,CUST0154,2024-04-18 17:28:00,2,65.8,131.6,Clothing,United Kingdom
INV001416,CUST0239,2024-04-18 19:34:00,5,77.07,385.35,Clothing,United Kingdom
INV001171,CUST0001,2024-04-19 14:57:00,2,103.11,206.22,Clothing,United Kingdom
INV001915,CUST0197,2024-04-19 18:07:00,3,171.24,513.72,Beauty,United Kingdom
INV002987,CUST0129,2024-04-19 19:26:00,1,36.72,36.72,Clothing,United Kingdom
INV002961,CUST0183,2024-04-20 03:56:00,7,284.48,1991.36,Clothing,Spain
INV000604,CUST0075,2024-04-20 13:52:00,4,57.31,229.24,Sports,United Kingdom
INV000749,CUST0038,2024-04-20 14:29:00,1,52.48,52.48,Clothing,United Kingdom
INV001217,CUST0110,2024-04-20 17:50:00,2,45.22,90.44,Electronics,France
INV000759,CUST0039,2024-04-20 20:42:00,3,125.78,377.34,Clothing,United Kingdom
INV002296,CUST0206,2024-04-21 11:04:00,2,44.45,88.9,Beauty,Germany
INV002532,CUST0056,2024-04-21 14:09:00,4,258.61,1034.44,Clothing,United Kingdom
INV002718,CUST0237,2024-04-21 14:21:00,1,50.62,50.62,Electronics,Netherlands
INV002781,CUST0239,2024-04-21 21:10:00,1,65.35,65.35,Clothing,United Kingdom
INV000903,CUST0247,2024-04-21 22:44:00,6,61.43,368.58,Clothing,United Kingdom
INV001657,CUST0241,2024-04-21 23:11:00,8,208.74,1669.92,Clothing,France
INV000953,CUST0039,2024-04-22 01:35:00,5,160.2,801.0,Beauty,Spain
INV001736,CUST0040,2024-04-22 10:30:00,3,69.19,207.57,Beauty,Germany
INV001557,CUST0126,2024-04-22 13:18:00,2,50.21,100.42,Home & Kitchen,United Kingdom
INV002840,CUST0079,2024-04-22 14:45:00,4,40.57,162.28,Beauty,United Kingdom
INV000943,CUST0154,2024-04-23 06:58:00,1,88.7,88.7,Beauty,United Kingdom
INV001578,CUST0221,2024-04-23 10:06:00,7,119.69,837.83,Electronics,Germany
INV000770,CUST0212,2024-04-23 12:02:00,5,156.87,784.35,Home & Kitchen,United Kingdom
INV000475,CUST0092,2024-04-23 19:39:00,3,102.76,308.28,Electronics,Spain
INV000499,CUST0157,2024-04-23 23:43:00,7,112.91,790.37,Home & Kitchen,France
INV001699,CUST0067,2024-04-24 00:12:00,1,29.97,29.97,Clothing,United Kingdom
INV001587,CUST0121,2024-04-24 04:15:00,4,121.49,485.96,Electronics,United Kingdom
INV001048,CUST0200,2024-04-24 06:54:00,4,94.28,377.12,Home & Kitchen,United Kingdom
INV002623,CUST0042,2024-04-24 12:33:00,1,73.99,73.99,Home & Kitchen,United Kingdom
INV000104,CUST0055,2024-04-24 21:28:00,4,90.22,360.88,Sports,United Kingdom
INV001880,CUST0209,2024-04-25 01:01:00,1,53.65,53.65,Beauty,Spain
INV000356,CUST0074,2024-04-25 03:45:00,3,123.67,371.01,Beauty,France
INV001589,CUST0158,2024-04-25 06:31:00,5,128.4,642.0,Electronics,Germany
INV000814,CUST0075,2024-04-25 15:23:00,6,199.53,1197.18,Clothing,United Kingdom
INV000388,CUST0070,2024-04-26 02:10:00,13,190.03,2470.39,Beauty,France
INV001783,CUST0170,2024-04-26 11:46:00,3,50.19,150.57,Clothing,United Kingdom
INV000371,CUST0005,2024-04-26 15:33:00,1,30.75,30.75,Home & Kitchen,United Kingdom
INV000935,CUST0030,2024-04-26 15:52:00,3,46.35,139.05,Sports,Netherlands
INV001513,CUST0215,2024-04-26 22:47:00,6,122.75,736.5,Clothing,United Kingdom
INV000016,CUST0174,2024-04-27 09:33:00,1,44.74,44.74,Home & Kitchen,Spain
INV002031,CUST0205,2024-04-27 16:08:00,3,59.96,179.88,Sports,Germany
INV000978,CUST0198,2024-04-27 22:09:00,7,218.03,1526.21,Electronics,Germany
INV002482,CUST0047,2024-04-28 03:37:00,2,86.58,173.16,Sports,Germany
INV002474,CUST0123,2024-04-28 05:05:00,2,52.18,104.36,Home & Kitchen,Spain
INV001945,CUST0174,2024-04-28 11:04:00,2,51.76,103.52,Home & Kitchen,United Kingdom
INV002166,CUST0079,2024-04-28 12:32:00,3,109.92,329.76,Electronics,United Kingdom
INV000476,CUST0164,2024-04-28 17:32:00,1,77.55,77.55,Home & Kitchen,United Kingdom
INV001110,CUST0201,2024-04-29 07:38:00,3,65.06,195.18,Electronics,United Kingdom
INV001759,CUST0059,2024-04-29 12:37:00,3,49.0,147.0,Clothing,United Kingdom
INV002240,CUST0202,2024-04-29 14:25:00,1,59.77,59.77,Home & Kitchen,France
INV002315,CUST0178,2024-04-29 19:42:00,6,84.36,506.16,Electronics,Germany
INV001813,CUST0109,2024-04-29 20:32:00,1,42.01,42.01,Home & Kitchen,United Kingdom
INV002632,CUST0188,2024-04-29 22:18:00,3,96.66,289.98,Electronics,Netherlands
INV002552,CUST0119,2024-04-29 22:41:00,7,101.06,707.42,Beauty,United Kingdom
INV000807,CUST0021,2024-04-29 23:25:00,4,45.28,181.12,Home & Kitchen,United Kingdom
INV002407,CUST0233,2024-04-30 02:08:00,3,74.16,222.48,Clothing,United Kingdom
INV002196,CUST0002,2024-04-30 04:42:00,6,169.26,1015.56,Clothing,Spain
INV000240,CUST0243,2024-04-30 09:39:00,7,183.21,1282.47,Electronics,France
INV001874,CUST0026,2024-04-30 21:22:00,5,147.63,738.15,Beauty,Germany
INV000752,CUST0015,2024-04-30 21:52:00,1,45.48,45.48,Home & Kitchen,Germany
INV002256,CUST0212,2024-05-01 00:22:00,10,137.82,1378.2,Home & Kitchen,Germany
INV001816,CUST0070,2024-05-01 06:00:00,8,188.82,1510.56,Home & Kitchen,Netherlands
INV002024,CUST0160,2024-05-01 20:18:00,5,149.73,748.65,Clothing,United Kingdom
INV000381,CUST0244,2024-05-01 20:22:00,4,41.66,166.64,Beauty,Germany
INV002903,CUST0221,2024-05-01 21:49:00,3,135.24,405.72,Sports,United Kingdom
INV001494,CUST0016,2024-05-02 14:37:00,1,42.09,42.09,Beauty,France
INV000340,CUST0042,2024-05-03 03:29:00,2,45.86,91.72,Sports,United Kingdom
INV001884,CUST0039,2024-05-03 12:28:00,5,150.17,750.85,Clothing,Germany
INV002830,CUST0134,2024-05-03 20:58:00,1,66.48,66.48,Sports,France
INV000912,CUST0178,2024-05-04 15:07:00,3,86.79,260.37,Home & Kitchen,United Kingdom
INV001185,CUST0173,2024-05-04 17:08:00,4,68.81,275.24,Clothing,Germany
INV001235,CUST0187,2024-05-04 18:30:00,9,79.53,715.77,Electronics,Germany
INV002769,CUST0055,2024-05-05 12:36:00,3,86.13,258.39,Clothing,United Kingdom
INV001768,CUST0170,2024-05-05 18:01:00,4,73.2,292.8,Home & Kitchen,United Kingdom
INV000974,CUST0104,2024-05-06 03:59:00,1,50.28,50.28,Electronics,Germany
INV002672,CUST0246,2024-05-06 05:44:00,7,147.66,1033.62,Home & Kitchen,United Kingdom
INV000896,CUST0073,2024-05-06 05:58:00,1,70.39,70.39,Clothing,United Kingdom
INV000790,CUST0169,2024-05-06 08:40:00,2,42.45,84.9,Electronics,United Kingdom
INV001929,CUST0012,2024-05-06 09:22:00,12,36.32,435.84,Clothing,Spain
INV000529,CUST0217,2024-05-06 12:25:00,2,58.79,117.58,Clothing,Germany
INV000884,CUST0005,2024-05-06 20:35:00,1,49.98,49.98,Clothing,United Kingdom
INV000411,CUST0061,2024-05-06 21:39:00,3,82.31,246.93,Home & Kitchen,United Kingdom
INV002811,CUST0010,2024-05-07 04:37:00,7,73.49,514.43,Beauty,United Kingdom
INV002989,CUST0060,2024-05-07 05:57:00,1,82.2,82.2,Sports,United Kingdom
INV001027,CUST0047,2024-05-07 09:49:00,2,73.51,147.02,Home & Kitchen,Spain
INV002148,CUST0004,2024-05-07 16:32:00,6,65.71,394.26,Clothing,United Kingdom
INV000256,CUST0058,2024-05-07 18:53:00,1,47.9,47.9,Clothing,United Kingdom
INV002544,CUST0129,2024-05-08 11:28:00,1,57.6,57.6,Home & Kitchen,United Kingdom
INV001063,CUST0104,2024-05-08 15:09:00,3,53.15,159.45,Electronics,Netherlands
INV000073,CUST0190,2024-05-08 18:10:00,1,44.75,44.75,Sports,United Kingdom
INV002339,CUST0005,2024-05-08 19:02:00,1,47.92,47.92,Electronics,United Kingdom
INV000289,CUST0183,2024-05-08 22:40:00,8,263.17,2105.36,Clothing,United Kingdom
INV000180,CUST0039,2024-05-09 05:19:00,4,208.34,833.36,Clothing,United Kingdom
INV001991,CUST0064,2024-05-09 09:34:00,4,76.61,306.44,Sports,Germany
INV002375,CUST0090,2024-05-10 20:30:00,1,108.6,108.6,Electronics,Germany
INV002613,CUST0077,2024-05-11 00:45:00,10,81.15,811.5,Home & Kitchen,Netherlands
INV002183,CUST0143,2024-05-11 01:18:00,5,54.3,271.5,Sports,United Kingdom
INV001932,CUST0236,2024-05-11 05:38:00,4,90.69,362.76,Electronics,United Kingdom
INV000093,CUST0108,2024-05-11 20:45:00,7,91.64,641.48,Clothing,United Kingdom
INV001845,CUST0118,2024-05-12 05:40:00,2,67.07,134.14,Clothing,Spain
INV002310,CUST0039,2024-05-12 09:15:00,3,113.34,340.02,Home & Kitchen,United Kingdom
INV002943,CUST0218,2024-05-12 10:59:00,6,81.18,487.08,Clothing,Netherlands
INV001213,CUST0032,2024-05-12 13:15:00,3,40.72,122.16,Beauty,United Kingdom
INV001819,CUST0199,2024-05-12 15:13:00,3,128.07,384.21,Beauty,Germany
INV001467,CUST0062,2024-05-12 17:53:00,2,57.68,115.36,Sports,United Kingdom
INV001279,CUST0188,2024-05-12 18:13:00,2,41.62,83.24,Clothing,United Kingdom
INV002077,CUST0203,2024-05-13 12:54:00,2,51.07,102.14,Home & Kitchen,France
INV002070,CUST0092,2024-05-13 23:20:00,1,134.84,134.84,Clothing,United Kingdom
INV000895,CUST0101,2024-05-14 05:06:00,3,14.89,44.67,Electronics,United Kingdom
INV002309,CUST0185,2024-05-14 05:49:00,2,85.5,171.0,Electronics,United Kingdom
INV000248,CUST0154,2024-05-14 12:16:00,3,34.96,104.88,Home & Kitchen,United Kingdom
INV001747,CUST0040,2024-05-14 13:19:00,3,59.09,177.27,Sports,United Kingdom
INV002366,CUST0001,2024-05-14 17:15:00,4,53.68,214.72,Clothing,Germany
INV001661,CUST0006,2024-05-14 18:38:00,1,33.38,33.38,Sports,Germany
INV000918,CUST0162,2024-05-16 03:01:00,2,89.79,179.58,Sports,France
INV002788,CUST0158,2024-05-16 03:05:00,9,175.6,1580.4,Beauty,France
INV000522,CUST0224,2024-05-16 15:35:00,1,94.76,94.76,Beauty,Germany
INV002421,CUST0250,2024-05-16 16:45:00,8,150.25,1202.0,Beauty,United Kingdom
INV001053,CUST0107,2024-05-16 21:41:00,3,83.59,250.77,Home & Kitchen,United Kingdom
INV000242,CUST0035,2024-05-17 06:12:00,10,213.33,2133.3,Home & Kitchen,United Kingdom
INV000190,CUST0100,2024-05-17 09:17:00,1,19.65,19.65,Electronics,United Kingdom
INV001478,CUST0208,2024-05-17 17:21:00,4,123.36,493.44,Clothing,Germany
INV002538,CUST0036,2024-05-17 20:03:00,4,168.51,674.04,Electronics,United Kingdom
INV000312,CUST0076,2024-05-19 01:47:00,2,164.99,329.98,Sports,United Kingdom
INV000675,CUST0061,2024-05-19 09:23:00,2,38.29,76.58,Electronics,Germany
INV001855,CUST0029,2024-05-19 16:02:00,3,87.21,261.63,Electronics,United Kingdom
INV001502,CUST0135,2024-05-19 16:23:00,12,185.52,2226.24,Home & Kitchen,United Kingdom
INV002595,CUST0108,2024-05-20 04:13:00,3,95.69,287.07,Home & Kitchen,United Kingdom
INV001542,CUST0039,2024-05-20 07:47:00,4,168.29,673.16,Sports,United Kingdom
INV000569,CUST0190,2024-05-20 13:24:00,1,48.95,48.95,Electronics,United Kingdom
INV000527,CUST0026,2024-05-20 17:22:00,5,166.62,833.1,Beauty,France
INV002967,CUST0112,2024-05-20 19:36:00,2,47.77,95.54,Beauty,United Kingdom
INV001895,CUST0084,2024-05-21 00:27:00,1,41.71,41.71,Clothing,Netherlands
INV001356,CUST0076,2024-05-21 08:22:00,4,103.45,413.8,Beauty,France
INV002887,CUST0190,2024-05-21 09:41:00,1,44.9,44.9,Beauty,Germany
INV002009,CUST0041,2024-05-21 10:09:00,1,50.99,50.99,Clothing,United Kingdom
INV001168,CUST0104,2024-05-21 16:53:00,2,56.86,113.72,Electronics,France
INV002467,CUST0043,2024-05-21 23:14:00,1,53.48,53.48,Electronics,United Kingdom
INV000588,CUST0193,2024-05-22 02:07:00,9,296.4,2667.6,Sports,United Kingdom
INV001847,CUST0022,2024-05-22 03:43:00,2,26.09,52.18,Clothing,Germany
INV001447,CUST0108,2024-05-22 09:48:00,5,129.92,649.6,Clothing,France
INV000224,CUST0171,2024-05-22 15:52:00,8,142.05,1136.4,Clothing,France
INV001303,CUST0244,2024-05-22 16:14:00,2,50.49,100.98,Home & Kitchen,France
INV002899,CUST0101,2024-05-23 05:10:00,2,52.78,105.56,Home & Kitchen,United Kingdom
INV002960,CUST0052,2024-05-23 07:57:00,4,118.73,474.92,Clothing,United Kingdom
INV001616,CUST0121,2024-05-23 09:37:00,4,125.54,502.16,Electronics,Germany
INV002136,CUST0097,2024-05-23 10:44:00,1,99.35,99.35,Sports,United Kingdom
INV002526,CUST0074,2024-05-23 15:25:00,6,165.51,993.06,Sports,United Kingdom
INV002972,CUST0221,2024-05-24 06:26:00,3,144.79,434.37,Home & Kitchen,United Kingdom
INV001167,CUST0189,2024-05-24 14:45:00,3,68.12,204.36,Beauty,United Kingdom
INV001776,CUST0235,2024-05-24 17:03:00,1,41.99,41.99,Beauty,United Kingdom
INV000836,CUST0004,2024-05-24 18:25:00,1,85.58,85.58,Home & Kitchen,United Kingdom
INV000262,CUST0120,2024-05-24 21:41:00,2,89.77,179.54,Electronics,United Kingdom
INV001563,CUST0158,2024-05-25 09:52:00,5,82.55,412.75,Beauty,United Kingdom
INV001113,CUST0202,2024-05-25 15:40:00,2,42.76,85.52,Beauty,France
INV002628,CUST0241,2024-05-25 19:40:00,7,260.45,1823.15,Clothing,Spain
INV000321,CUST0250,2024-05-25 21:01:00,3,124.43,373.29,Clothing,United Kingdom
INV000524,CUST0177,2024-05-25 23:12:00,4,97.47,389.88,Clothing,France
INV002051,CUST0049,2024-05-26 13:53:00,1,80.6,80.6,Clothing,United Kingdom
INV000641,CUST0069,2024-05-26 16:48:00,1,61.97,61.97,Sports,United Kingdom
INV000765,CUST0126,2024-05-27 02:02:00,2,96.97,193.94,Sports,Germany
INV000464,CUST0074,2024-05-27 06:31:00,3,151.46,454.38,Beauty,Germany
INV001730,CUST0205,2024-05-28 00:11:00,4,91.11,364.44,Beauty,United Kingdom
INV001126,CUST0130,2024-05-28 00:15:00,2,84.55,169.1,Clothing,Germany
INV001569,CUST0096,2024-05-28 00:19:00,4,83.42,333.68,Beauty,United Kingdom
INV000270,CUST0201,2024-05-28 00:39:00,1,120.65,120.65,Clothing,France
INV001771,CUST0155,2024-05-28 00:57:00,4,292.15,1168.6,Home & Kitchen,United Kingdom
INV002568,CUST0072,2024-05-28 03:17:00,1,39.73,39.73,Beauty,United Kingdom
INV001225,CUST0178,2024-05-28 17:30:00,1,59.0,59.0,Beauty,United Kingdom
INV001843,CUST0145,2024-05-28 18:09:00,1,80.06,80.06,Beauty,United Kingdom
INV000987,CUST0015,2024-05-28 23:16:00,2,35.56,71.12,Electronics,United Kingdom
INV001902,CUST0236,2024-05-29 00:02:00,3,185.48,556.44,Clothing,United Kingdom
INV002451,CUST0194,2024-05-29 01:53:00,4,49.68,198.72,Clothing,France
INV002876,CUST0159,2024-05-29 05:47:00,1,30.37,30.37,Sports,Germany
INV001870,CUST0179,2024-05-29 07:58:00,9,274.73,2472.57,Beauty,United Kingdom
INV001380,CUST0190,2024-05-29 17:55:00,2,49.91,99.82,Beauty,Germany
INV000496,CUST0205,2024-05-29 21:21:00,3,69.89,209.67,Clothing,Spain
INV002821,CUST0110,2024-05-30 04:06:00,2,58.29,116.58,Beauty,Spain
INV002302,CUST0216,2024-05-30 04:41:00,1,54.99,54.99,Home & Kitchen,United Kingdom
INV000335,CUST0144,2024-05-30 16:03:00,2,64.12,128.24,Electronics,United Kingdom
INV002831,CUST0025,2024-05-30 20:38:00,1,47.48,47.48,Beauty,United Kingdom
INV000930,CUST0011,2024-05-30 22:01:00,1,31.14,31.14,Clothing,United Kingdom
INV001028,CUST0068,2024-05-30 23:22:00,6,127.29,763.74,Clothing,Germany
INV000503,CUST0134,2024-05-31 10:06:00,2,65.79,131.58,Clothing,Germany
INV000786,CUST0113,2024-05-31 15:17:00,7,311.5,2180.5,Beauty,United Kingdom
INV002304,CUST0126,2024-05-31 17:45:00,2,93.63,187.26,Home & Kitchen,United Kingdom
INV000221,CUST0161,2024-05-31 23:45:00,2,63.01,126.02,Beauty,United Kingdom
INV002143,CUST0186,2024-06-01 02:49:00,3,168.5,505.5,Beauty,United Kingdom
INV001594,CUST0065,2024-06-01 04:39:00,1,69.52,69.52,Beauty,United Kingdom
INV001386,CUST0107,2024-06-01 20:32:00,4,76.55,306.2,Home & Kitchen,Spain
INV001609,CUST0193,2024-06-01 22:07:00,8,149.88,1199.04,Electronics,France
INV000031,CUST0161,2024-06-02 05:14:00,1,19.09,19.09,Electronics,United Kingdom
INV002455,CUST0221,2024-06-02 09:43:00,9,110.38,993.42,Beauty,United Kingdom
INV001127,CUST0135,2024-06-02 12:53:00,12,277.32,3327.84,Clothing,Germany
INV000812,CUST0004,2024-06-02 13:22:00,4,98.2,392.8,Clothing,United Kingdom
INV001042,CUST0148,2024-06-02 13:49:00,4,53.41,213.64,Clothing,United Kingdom
INV002374,CUST0105,2024-06-02 15:10:00,9,254.35,2289.15,Beauty,Spain
INV001445,CUST0242,2024-06-02 15:37:00,8,214.09,1712.72,Beauty,United Kingdom
INV001477,CUST0118,2024-06-02 16:02:00,2,24.19,48.38,Beauty,Germany
INV002390,CUST0245,2024-06-02 22:33:00,1,14.82,14.82,Clothing,United Kingdom
INV002910,CUST0063,2024-06-03 02:29:00,3,97.32,291.96,Clothing,Spain
INV000680,CUST0005,2024-06-03 03:47:00,2,66.06,132.12,Home & Kitchen,France
INV001226,CUST0135,2024-06-03 07:58:00,8,361.81,2894.48,Beauty,Netherlands
INV000440,CUST0203,2024-06-03 10:59:00,2,52.88,105.76,Electronics,United Kingdom
INV000779,CUST0228,2024-06-04 00:01:00,3,57.38,172.14,Electronics,United Kingdom
INV002953,CUST0209,2024-06-04 04:27:00,2,64.7,129.4,Electronics,United Kingdom
INV002506,CUST0239,2024-06-04 12:35:00,4,64.39,257.56,Sports,United Kingdom
INV000595,CUST0145,2024-06-04 18:34:00,3,81.53,244.59,Electronics,United Kingdom
INV001036,CUST0164,2024-06-04 18:44:00,3,88.94,266.82,Beauty,United Kingdom
INV002335,CUST0008,2024-06-05 00:13:00,14,217.23,3041.22,Clothing,Germany
INV000798,CUST0184,2024-06-05 00:28:00,8,120.2,961.6,Electronics,Germany
INV002605,CUST0163,2024-06-05 03:43:00,3,74.31,222.93,Electronics,United Kingdom
INV001852,CUST0014,2024-06-05 06:58:00,3,42.81,128.43,Clothing,United Kingdom
INV000685,CUST0022,2024-06-05 07:20:00,1,53.68,53.68,Electronics,United Kingdom
INV000618,CUST0191,2024-06-05 08:48:00,1,58.75,58.75,Clothing,United Kingdom
INV002701,CUST0055,2024-06-05 15:12:00,2,58.22,116.44,Sports,United Kingdom
INV001158,CUST0081,2024-06-05 15:21:00,3,112.19,336.57,Clothing,United Kingdom
INV001044,CUST0074,2024-06-05 15:33:00,3,124.72,374.16,Clothing,Germany
INV000437,CUST0080,2024-06-05 16:16:00,1,45.96,45.96,Electronics,Netherlands
INV001913,CUST0147,2024-06-06 18:56:00,6,104.71,628.26,Electronics,France
INV001907,CUST0047,2024-06-06 19:54:00,1,88.32,88.32,Home & Kitchen,United Kingdom
INV000099,CUST0224,2024-06-07 05:16:00,1,62.41,62.41,Clothing,United Kingdom
INV002441,CUST0206,2024-06-07 09:33:00,1,58.26,58.26,Home & Kitchen,United Kingdom
INV002469,CUST0087,2024-06-07 19:49:00,4,127.03,508.12,Electronics,United Kingdom
INV000377,CUST0240,2024-06-08 03:41:00,1,62.0,62.0,Electronics,United Kingdom
INV002798,CUST0014,2024-06-08 13:21:00,1,78.98,78.98,Sports,Germany
INV001371,CUST0249,2024-06-08 21:47:00,8,279.2,2233.6,Clothing,France
INV000502,CUST0035,2024-06-08 23:09:00,8,159.53,1276.24,Clothing,Germany
INV000517,CUST0248,2024-06-08 23:15:00,7,286.09,2002.63,Home & Kitchen,Spain
INV001744,CUST0056,2024-06-08 23:59:00,10,301.0,3010.0,Clothing,United Kingdom
INV001508,CUST0115,2024-06-09 02:45:00,3,55.86,167.58,Beauty,United Kingdom
INV001883,CUST0233,2024-06-09 05:13:00,1,62.56,62.56,Clothing,France
INV001073,CUST0037,2024-06-09 12:28:00,2,81.19,162.38,Home & Kitchen,United Kingdom
INV002530,CUST0071,2024-06-09 13:19:00,3,125.6,376.8,Home & Kitchen,United Kingdom
INV000436,CUST0149,2024-06-09 22:13:00,2,20.24,40.48,Clothing,France
INV001863,CUST0029,2024-06-10 13:30:00,3,108.52,325.56,Home & Kitchen,United Kingdom
INV000323,CUST0144,2024-06-11 02:19:00,1,53.29,53.29,Home & Kitchen,Spain
INV001457,CUST0187,2024-06-11 10:41:00,2,65.37,130.74,Beauty,United Kingdom
INV002436,CUST0218,2024-06-11 18:15:00,13,86.09,1119.17,Clothing,Netherlands
INV001899,CUST0195,2024-06-11 19:25:00,2,40.18,80.36,Clothing,United Kingdom
INV000774,CUST0067,2024-06-11 20:44:00,1,46.11,46.11,Beauty,United Kingdom
INV002434,CUST0172,2024-06-11 21:13:00,1,20.97,20.97,Clothing,Netherlands
INV001651,CUST0074,2024-06-12 11:21:00,4,65.97,263.88,Home & Kitchen,Netherlands
INV000885,CUST0151,2024-06-12 17:20:00,6,166.07,996.42,Clothing,United Kingdom
INV001469,CUST0216,2024-06-12 18:13:00,1,44.35,44.35,Home & Kitchen,United Kingdom
INV000274,CUST0177,2024-06-12 21:25:00,5,71.92,359.6,Clothing,Netherlands
INV000072,CUST0063,2024-06-12 23:20:00,3,99.21,297.63,Sports,United Kingdom
INV001887,CUST0029,2024-06-13 03:07:00,4,21.7,86.8,Clothing,United Kingdom
INV002485,CUST0143,2024-06-13 03:23:00,4,50.7,202.8,Home & Kitchen,United Kingdom
INV001218,CUST0162,2024-06-13 15:16:00,3,49.27,147.81,Beauty,United Kingdom
INV002086,CUST0003,2024-06-13 15:51:00,6,102.94,617.64,Clothing,Netherlands
INV001384,CUST0130,2024-06-13 17:00:00,4,61.66,246.64,Home & Kitchen,United Kingdom
INV001211,CUST0103,2024-06-13 18:03:00,4,65.03,260.12,Sports,United Kingdom
INV002442,CUST0074,2024-06-13 21:34:00,7,48.27,337.89,Home & Kitchen,United Kingdom
INV000369,CUST0122,2024-06-14 17:48:00,2,95.82,191.64,Clothing,United Kingdom
INV002291,CUST0059,2024-06-15 00:14:00,1,38.6,38.6,Electronics,Germany
INV001333,CUST0004,2024-06-15 08:22:00,2,84.8,169.6,Clothing,United Kingdom
INV002269,CUST0056,2024-06-16 04:06:00,12,249.45,2993.4,Clothing,Spain
INV001911,CUST0084,2024-06-16 09:35:00,1,40.81,40.81,Beauty,France
INV000844,CUST0179,2024-06-16 13:02:00,8,104.83,838.64,Clothing,United Kingdom
INV001559,CUST0055,2024-06-16 14:02:00,1,98.42,98.42,Electronics,Germany
INV000762,CUST0231,2024-06-16 18:20:00,6,183.75,1102.5,Clothing,United Kingdom
INV002560,CUST0009,2024-06-17 08:46:00,2,73.43,146.86,Beauty,France
INV000300,CUST0112,2024-06-17 19:51:00,1,33.4,33.4,Electronics,United Kingdom
INV001686,CUST0013,2024-06-18 02:36:00,5,34.01,170.05,Clothing,United Kingdom
INV000022,CUST0151,2024-06-19 01:29:00,6,192.82,1156.92,Beauty,United Kingdom
INV002459,CUST0133,2024-06-19 01:31:00,2,40.7,81.4,Beauty,Netherlands
INV001506,CUST0007,2024-06-19 02:44:00,1,48.11,48.11,Beauty,United Kingdom
INV000157,CUST0154,2024-06-19 09:03:00,1,88.89,88.89,Electronics,Germany
INV001756,CUST0168,2024-06-19 14:52:00,1,43.81,43.81,Electronics,United Kingdom
INV002598,CUST0119,2024-06-19 16:51:00,6,75.99,455.94,Beauty,Germany
INV000048,CUST0135,2024-06-20 02:32:00,7,313.21,2192.47,Beauty,Netherlands
INV001212,CUST0131,2024-06-20 03:40:00,2,11.43,22.86,Electronics,United Kingdom
INV000869,CUST0142,2024-06-20 09:58:00,4,48.96,195.84,Beauty,United Kingdom
INV000160,CUST0229,2024-06-20 15:26:00,7,114.15,799.05,Home & Kitchen,United Kingdom
INV002633,CUST0046,2024-06-20 15:52:00,9,190.49,1714.41,Electronics,United Kingdom
INV001951,CUST0192,2024-06-21 00:25:00,3,173.29,519.87,Beauty,United Kingdom
INV001164,CUST0086,2024-06-21 10:35:00,7,53.64,375.48,Clothing,United Kingdom
INV001083,CUST0051,2024-06-22 09:36:00,9,184.87,1663.83,Sports,United Kingdom
INV002778,CUST0244,2024-06-22 14:40:00,6,57.11,342.66,Electronics,Netherlands
INV002266,CUST0241,2024-06-22 23:26:00,8,160.75,1286.0,Clothing,Germany
INV001418,CUST0211,2024-06-23 03:19:00,2,74.64,149.28,Clothing,United Kingdom
INV001742,CUST0186,2024-06-23 06:32:00,2,182.79,365.58,Sports,United Kingdom
INV002715,CUST0003,2024-06-23 06:44:00,2,101.29,202.58,Electronics,United Kingdom
INV000126,CUST0023,2024-06-23 07:53:00,1,66.55,66.55,Electronics,Netherlands
INV001095,CUST0090,2024-06-23 08:12:00,3,90.21,270.63,Clothing,United Kingdom
INV000683,CUST0170,2024-06-23 22:47:00,5,46.78,233.9,Sports,United Kingdom
INV002212,CUST0084,2024-06-24 05:34:00,1,38.78,38.78,Electronics,Netherlands
INV002182,CUST0021,2024-06-24 07:50:00,2,26.65,53.3,Home & Kitchen,United Kingdom
INV001237,CUST0054,2024-06-24 09:12:00,5,122.48,612.4,Sports,United Kingdom
INV001678,CUST0082,2024-06-24 22:20:00,3,36.1,108.3,Electronics,France
INV002075,CUST0127,2024-06-25 01:07:00,5,121.4,607.0,Home & Kitchen,United Kingdom
INV000023,CUST0194,2024-06-25 05:52:00,4,66.43,265.72,Beauty,France
INV000106,CUST0052,2024-06-25 06:02:00,8,158.86,1270.88,Home & Kitchen,United Kingdom
INV002014,CUST0160,2024-06-25 06:09:00,2,125.55,251.1,Beauty,Germany
INV000800,CUST0109,2024-06-25 06:17:00,1,43.05,43.05,Electronics,United Kingdom
INV000448,CUST0047,2024-06-25 11:52:00,3,52.31,156.93,Home & Kitchen,France
INV002835,CUST0136,2024-06-25 15:31:00,1,92.52,92.52,Electronics,United Kingdom
INV001350,CUST0034,2024-06-25 17:41:00,8,316.66,2533.28,Electronics,United Kingdom
INV001008,CUST0005,2024-06-25 18:25:00,1,44.12,44.12,Beauty,Netherlands
INV002838,CUST0196,2024-06-26 04:10:00,1,107.45,107.45,Clothing,France
INV002522,CUST0203,2024-06-26 06:49:00,1,25.83,25.83,Home & Kitchen,Spain
INV000028,CUST0218,2024-06-26 19:23:00,6,118.14,708.84,Beauty,Germany
INV001181,CUST0032,2024-06-27 01:25:00,1,23.66,23.66,Clothing,Germany
INV001530,CUST0108,2024-06-27 08:46:00,6,106.88,641.28,Beauty,Spain
INV001507,CUST0137,2024-06-27 09:00:00,1,82.97,82.97,Electronics,Germany
INV000445,CUST0020,2024-06-27 09:25:00,3,85.07,255.21,Clothing,United Kingdom
INV002438,CUST0099,2024-06-27 21:18:00,1,26.34,26.34,Beauty,France
INV000460,CUST0215,2024-06-28 06:55:00,7,125.09,875.63,Home & Kitchen,United Kingdom
INV001597,CUST0003,2024-06-28 16:22:00,2,85.02,170.04,Beauty,Spain
INV001393,CUST0029,2024-06-28 22:51:00,3,90.98,272.94,Clothing,France
INV000373,CUST0165,2024-06-29 12:05:00,1,36.5,36.5,Home & Kitchen,United Kingdom
INV002312,CUST0184,2024-06-29 12:45:00,5,178.18,890.9,Electronics,United Kingdom
INV000616,CUST0091,2024-06-29 14:43:00,1,43.91,43.91,Clothing,United Kingdom
INV000396,CUST0202,2024-06-29 14:43:00,1,35.15,35.15,Beauty,United Kingdom
INV000026,CUST0234,2024-06-30 13:25:00,6,46.49,278.94,Home & Kitchen,United Kingdom
INV002464,CUST0044,2024-06-30 14:47:00,7,86.52,605.64,Beauty,Germany
INV002144,CUST0189,2024-06-30 18:52:00,3,75.13,225.39,Clothing,Germany
INV000415,CUST0001,2024-07-01 12:54:00,2,67.18,134.36,Electronics,United Kingdom
INV002243,CUST0076,2024-07-01 21:58:00,5,96.18,480.9,Beauty,United Kingdom
INV002386,CUST0089,2024-07-01 22:03:00,3,126.89,380.67,Beauty,United Kingdom
INV001877,CUST0226,2024-07-02 02:46:00,1,30.66,30.66,Home & Kitchen,France
INV000673,CUST0160,2024-07-02 06:18:00,5,155.06,775.3,Sports,France
INV002426,CUST0060,2024-07-02 07:04:00,1,49.52,49.52,Clothing,Germany
INV001694,CUST0101,2024-07-02 08:44:00,1,44.08,44.08,Clothing,Netherlands
INV001640,CUST0004,2024-07-02 14:46:00,1,71.89,71.89,Clothing,Spain
INV000368,CUST0027,2024-07-03 05:44:00,1,52.66,52.66,Electronics,United Kingdom
INV002889,CUST0115,2024-07-04 17:12:00,2,36.6,73.2,Beauty,United Kingdom
INV002170,CUST0039,2024-07-04 19:30:00,5,171.31,856.55,Sports,France
INV001200,CUST0113,2024-07-05 00:32:00,10,246.42,2464.2,Sports,United Kingdom
INV000612,CUST0098,2024-07-05 04:16:00,3,61.53,184.59,Beauty,Netherlands
INV000805,CUST0181,2024-07-05 05:47:00,4,78.37,313.48,Home & Kitchen,Spain
INV000554,CUST0053,2024-07-05 18:49:00,7,176.75,1237.25,Home & Kitchen,United Kingdom
INV001687,CUST0120,2024-07-05 20:45:00,1,60.47,60.47,Clothing,United Kingdom
INV002564,CUST0122,2024-07-05 20:47:00,2,159.13,318.26,Electronics,France
INV000793,CUST0180,2024-07-06 01:54:00,1,57.76,57.76,Electronics,United Kingdom
INV002289,CUST0229,2024-07-06 03:38:00,1,149.17,149.17,Electronics,Spain
INV001952,CUST0172,2024-07-06 04:01:00,1,51.87,51.87,Electronics,United Kingdom
INV002815,CUST0054,2024-07-06 07:10:00,6,110.73,664.38,Beauty,United Kingdom
INV002391,CUST0077,2024-07-06 10:31:00,4,153.09,612.36,Clothing,Germany
INV000155,CUST0195,2024-07-06 15:18:00,6,40.21,241.26,Home & Kitchen,Netherlands
INV002056,CUST0123,2024-07-07 01:59:00,6,72.18,433.08,Clothing,Germany
INV002099,CUST0025,2024-07-07 02:26:00,3,106.7,320.1,Electronics,Germany
INV002654,CUST0169,2024-07-07 03:24:00,1,55.17,55.17,Home & Kitchen,United Kingdom
INV001420,CUST0244,2024-07-07 04:18:00,3,34.71,104.13,Beauty,Germany
INV001927,CUST0025,2024-07-07 10:08:00,1,93.31,93.31,Home & Kitchen,Germany
INV000820,CUST0055,2024-07-08 01:55:00,2,50.28,100.56,Clothing,Germany
INV000913,CUST0078,2024-07-08 08:36:00,2,54.86,109.72,Clothing,United Kingdom
INV001940,CUST0093,2024-07-08 15:42:00,5,153.63,768.15,Sports,United Kingdom
INV000295,CUST0030,2024-07-08 16:16:00,2,43.66,87.32,Clothing,Spain
INV001923,CUST0189,2024-07-08 18:04:00,6,84.68,508.08,Home & Kitchen,United Kingdom
INV001135,CUST0187,2024-07-08 19:52:00,2,192.12,384.24,Beauty,United Kingdom
INV001046,CUST0038,2024-07-09 01:36:00,1,47.07,47.07,Clothing,Netherlands
INV002580,CUST0060,2024-07-09 15:13:00,3,45.62,136.86,Electronics,United Kingdom
INV001774,CUST0007,2024-07-09 15:45:00,1,42.14,42.14,Clothing,Spain
INV001498,CUST0026,2024-07-09 17:57:00,5,92.86,464.3,Home & Kitchen,Spain
INV001475,CUST0215,2024-07-09 19:02:00,6,127.32,763.92,Clothing,Germany
INV000089,CUST0008,2024-07-10 03:25:00,3,121.01,363.03,Sports,Spain
INV000074,CUST0125,2024-07-11 12:00:00,1,59.53,59.53,Home & Kitchen,United Kingdom
INV001323,CUST0040,2024-07-11 12:09:00,2,79.64,159.28,Electronics,United Kingdom
INV000750,CUST0227,2024-07-11 20:09:00,8,129.14,1033.12,Clothing,United Kingdom
INV001157,CUST0199,2024-07-12 02:13:00,5,110.92,554.6,Clothing,France
INV002242,CUST0010,2024-07-12 21:27:00,11,126.82,1395.02,Electronics,Spain
INV002007,CUST0179,2024-07-12 21:54:00,10,280.39,2803.9,Clothing,Netherlands
INV002154,CUST0152,2024-07-12 22:31:00,1,23.79,23.79,Home & Kitchen,United Kingdom
INV001111,CUST0053,2024-07-13 10:21:00,6,302.84,1817.04,Electronics,Germany
INV000962,CUST0063,2024-07-13 13:29:00,2,144.99,289.98,Clothing,United Kingdom
INV001703,CUST0137,2024-07-13 22:05:00,1,56.94,56.94,Electronics,United Kingdom
INV000006,CUST0067,2024-07-14 03:03:00,1,34.78,34.78,Electronics,Spain
INV002962,CUST0117,2024-07-14 07:17:00,3,127.58,382.74,Sports,United Kingdom
INV001280,CUST0082,2024-07-14 07:27:00,1,63.7,63.7,Electronics,United Kingdom
INV000211,CUST0128,2024-07-14 08:27:00,4,143.45,573.8,Electronics,Germany
INV000116,CUST0063,2024-07-14 14:56:00,7,83.42,583.94,Electronics,United Kingdom
INV001888,CUST0157,2024-07-14 15:17:00,2,141.08,282.16,Beauty,United Kingdom
INV002841,CUST0068,2024-07-14 15:46:00,2,105.4,210.8,Sports,United Kingdom
INV002042,CUST0090,2024-07-15 05:32:00,2,90.42,180.84,Clothing,Germany
INV002370,CUST0142,2024-07-16 01:46:00,7,91.37,639.59,Sports,France
INV001562,CUST0034,2024-07-16 09:37:00,6,245.64,1473.84,Beauty,United Kingdom
INV000443,CUST0227,2024-07-16 09:55:00,7,328.46,2299.22,Sports,United Kingdom
INV000228,CUST0065,2024-07-16 20:11:00,2,109.35,218.7,Clothing,United Kingdom
INV000080,CUST0180,2024-07-16 21:08:00,2,65.33,130.66,Electronics,United Kingdom
INV002586,CUST0164,2024-07-16 22:00:00,1,63.45,63.45,Clothing,France
INV000923,CUST0040,2024-07-17 01:31:00,3,95.24,285.72,Clothing,United Kingdom
INV002926,CUST0130,2024-07-17 13:45:00,3,63.38,190.14,Electronics,Spain
INV000114,CUST0145,2024-07-17 19:31:00,4,40.96,163.84,Beauty,United Kingdom
INV002107,CUST0173,2024-07-17 20:53:00,2,87.18,174.36,Beauty,United Kingdom
INV001443,CUST0035,2024-07-18 18:36:00,4,72.01,288.04,Electronics,United Kingdom
INV001277,CUST0036,2024-07-18 20:01:00,3,71.88,215.64,Beauty,Spain
INV002857,CUST0134,2024-07-19 03:16:00,2,62.96,125.92,Sports,United Kingdom
INV002800,CUST0143,2024-07-19 14:14:00,2,66.83,133.66,Home & Kitchen,United Kingdom
INV001857,CUST0164,2024-07-19 17:02:00,2,61.7,123.4,Beauty,France
INV000416,CUST0131,2024-07-20 00:15:00,2,78.65,157.3,Clothing,Spain
INV001022,CUST0015,2024-07-20 00:25:00,1,57.17,57.17,Beauty,United Kingdom
INV001770,CUST0191,2024-07-20 03:50:00,1,47.51,47.51,Electronics,Spain
INV000147,CUST0189,2024-07-20 07:47:00,1,59.71,59.71,Beauty,France
INV001944,CUST0027,2024-07-20 10:35:00,2,48.13,96.26,Home & Kitchen,Spain
INV002567,CUST0170,2024-07-20 11:02:00,1,75.88,75.88,Electronics,Netherlands
INV002418,CUST0143,2024-07-20 15:11:00,1,121.69,121.69,Beauty,Germany
INV000255,CUST0196,2024-07-21 05:21:00,2,74.24,148.48,Clothing,United Kingdom
INV001011,CUST0097,2024-07-21 08:03:00,2,46.52,93.04,Electronics,United Kingdom
INV000960,CUST0097,2024-07-21 11:38:00,1,55.82,55.82,Clothing,Germany
INV001851,CUST0050,2024-07-21 17:24:00,2,19.87,39.74,Clothing,France
INV000192,CUST0180,2024-07-21 20:01:00,2,55.35,110.7,Home & Kitchen,United Kingdom
INV002226,CUST0168,2024-07-22 00:59:00,1,50.94,50.94,Sports,Spain
INV002535,CUST0189,2024-07-22 07:32:00,2,76.43,152.86,Clothing,United Kingdom
INV000410,CUST0200,2024-07-22 11:33:00,11,47.89,526.79,Beauty,United Kingdom
INV002337,CUST0096,2024-07-22 13:25:00,1,105.04,105.04,Sports,United Kingdom
INV000743,CUST0238,2024-07-22 16:47:00,2,62.6,125.2,Electronics,France
INV002069,CUST0178,2024-07-22 21:49:00,1,66.13,66.13,Clothing,United Kingdom
INV000236,CUST0012,2024-07-23 01:58:00,10,326.1,3261.0,Beauty,France
INV000882,CUST0248,2024-07-23 11:26:00,13,256.39,3333.07,Home & Kitchen,Germany
INV002253,CUST0057,2024-07-23 19:01:00,1,61.3,61.3,Home & Kitchen,United Kingdom
INV000230,CUST0168,2024-07-24 08:53:00,1,40.21,40.21,Clothing,United Kingdom
INV001295,CUST0037,2024-07-24 19:05:00,3,88.64,265.92,Clothing,France
INV001540,CUST0215,2024-07-24 20:51:00,5,77.81,389.05,Beauty,Germany
INV002891,CUST0080,2024-07-24 23:40:00,1,22.06,22.06,Electronics,Spain
INV001953,CUST0181,2024-07-24 23:41:00,1,83.53,83.53,Home & Kitchen,France
INV002139,CUST0049,2024-07-25 04:04:00,1,98.78,98.78,Beauty,Germany
INV002556,CUST0214,2024-07-25 05:34:00,1,67.59,67.59,Beauty,United Kingdom
INV002036,CUST0154,2024-07-25 23:27:00,2,52.56,105.12,Clothing,United Kingdom
INV002700,CUST0249,2024-07-26 00:10:00,6,273.45,1640.7,Home & Kitchen,United Kingdom
INV001233,CUST0216,2024-07-26 07:55:00,3,55.75,167.25,Beauty,France
INV001071,CUST0133,2024-07-26 13:17:00,2,17.31,34.62,Clothing,United Kingdom
INV002792,CUST0206,2024-07-26 16:39:00,2,57.31,114.62,Home & Kitchen,United Kingdom
INV000745,CUST0239,2024-07-26 16:48:00,4,39.96,159.84,Clothing,United Kingdom
INV002120,CUST0150,2024-07-26 17:49:00,4,58.73,234.92,Home & Kitchen,Germany
INV000666,CUST0184,2024-07-26 22:20:00,5,66.61,333.05,Beauty,France
INV002431,CUST0224,2024-07-26 23:40:00,3,55.9,167.7,Sports,United Kingdom
INV001270,CUST0161,2024-07-27 04:08:00,1,79.91,79.91,Electronics,Germany
INV002019,CUST0092,2024-07-27 10:37:00,2,110.52,221.04,Home & Kitchen,United Kingdom
INV000819,CUST0152,2024-07-27 16:13:00,1,75.22,75.22,Electronics,United Kingdom
INV001942,CUST0008,2024-07-27 20:23:00,3,110.73,332.19,Beauty,United Kingdom
INV000188,CUST0246,2024-07-28 00:56:00,7,308.88,2162.16,Sports,United Kingdom
INV002059,CUST0006,2024-07-28 02:02:00,2,34.72,69.44,Clothing,United Kingdom
INV000916,CUST0203,2024-07-28 03:26:00,1,42.47,42.47,Electronics,United Kingdom
INV001088,CUST0214,2024-07-28 11:59:00,2,32.69,65.38,Home & Kitchen,United Kingdom
INV002445,CUST0009,2024-07-28 14:26:00,4,64.91,259.64,Clothing,United Kingdom
INV001754,CUST0147,2024-07-29 00:16:00,1,54.96,54.96,Beauty,France
INV001753,CUST0216,2024-07-29 00:47:00,2,34.64,69.28,Sports,Spain
INV000215,CUST0152,2024-07-29 03:41:00,1,53.63,53.63,Home & Kitchen,Germany
INV000333,CUST0053,2024-07-29 21:51:00,9,324.51,2920.59,Electronics,France
INV002515,CUST0002,2024-07-30 17:03:00,5,303.31,1516.55,Sports,Netherlands
INV000890,CUST0168,2024-07-30 19:30:00,2,57.18,114.36,Clothing,United Kingdom
INV001769,CUST0100,2024-07-31 00:06:00,1,39.23,39.23,Electronics,United Kingdom
INV001055,CUST0218,2024-07-31 07:05:00,3,145.44,436.32,Home & Kitchen,United Kingdom
INV000430,CUST0044,2024-07-31 09:08:00,8,203.09,1624.72,Electronics,United Kingdom
INV002384,CUST0161,2024-07-31 15:51:00,1,77.94,77.94,Clothing,United Kingdom
INV002487,CUST0036,2024-07-31 17:28:00,9,159.5,1435.5,Clothing,United Kingdom
INV000849,CUST0203,2024-07-31 22:40:00,1,37.96,37.96,Home & Kitchen,United Kingdom
INV001124,CUST0075,2024-08-01 01:32:00,6,149.0,894.0,Clothing,France
INV001696,CUST0011,2024-08-01 03:31:00,2,22.86,45.72,Electronics,United Kingdom
INV002345,CUST0055,2024-08-01 03:48:00,1,54.74,54.74,Electronics,France
INV000054,CUST0008,2024-08-01 03:57:00,4,162.76,651.04,Home & Kitchen,United Kingdom
INV000799,CUST0059,2024-08-01 06:35:00,1,48.59,48.59,Home & Kitchen,United Kingdom
INV000504,CUST0082,2024-08-01 07:30:00,2,32.89,65.78,Clothing,France
INV000940,CUST0083,2024-08-01 14:18:00,1,67.97,67.97,Beauty,United Kingdom
INV001891,CUST0032,2024-08-01 16:08:00,1,44.25,44.25,Home & Kitchen,Germany
INV001409,CUST0246,2024-08-01 22:09:00,11,150.9,1659.9,Electronics,United Kingdom
INV000153,CUST0093,2024-08-02 04:10:00,3,105.35,316.05,Beauty,United Kingdom
INV000303,CUST0141,2024-08-02 18:41:00,3,236.23,708.69,Clothing,United Kingdom
INV001512,CUST0059,2024-08-03 00:53:00,1,52.57,52.57,Clothing,United Kingdom
INV002573,CUST0091,2024-08-03 05:34:00,1,54.29,54.29,Clothing,United Kingdom
INV002232,CUST0047,2024-08-03 17:39:00,3,54.67,164.01,Home & Kitchen,United Kingdom
INV002205,CUST0060,2024-08-04 04:53:00,2,63.49,126.98,Beauty,Germany
INV000720,CUST0180,2024-08-04 07:11:00,1,42.48,42.48,Electronics,Germany
INV002377,CUST0220,2024-08-04 23:53:00,7,114.33,800.31,Electronics,France
INV001193,CUST0078,2024-08-05 15:09:00,2,36.76,73.52,Home & Kitchen,France
INV000283,CUST0151,2024-08-05 23:43:00,8,279.01,2232.08,Electronics,United Kingdom
INV002725,CUST0212,2024-08-07 02:37:00,9,89.09,801.81,Electronics,United Kingdom
INV001735,CUST0114,2024-08-07 04:16:00,8,155.71,1245.68,Clothing,United Kingdom
INV000876,CUST0077,2024-08-08 06:11:00,3,90.6,271.8,Clothing,Netherlands
INV000219,CUST0124,2024-08-08 06:52:00,1,59.03,59.03,Clothing,United Kingdom
INV002966,CUST0052,2024-08-08 07:41:00,6,85.57,513.42,Home & Kitchen,United Kingdom
INV002258,CUST0121,2024-08-09 06:27:00,7,90.65,634.55,Sports,United Kingdom
INV000961,CUST0023,2024-08-10 01:12:00,2,70.9,141.8,Home & Kitchen,United Kingdom
INV000907,CUST0049,2024-08-10 03:51:00,2,36.95,73.9,Home & Kitchen,United Kingdom
INV002013,CUST0046,2024-08-10 03:51:00,5,160.74,803.7,Clothing,United Kingdom
INV001792,CUST0100,2024-08-10 10:51:00,2,38.53,77.06,Beauty,United Kingdom
INV001096,CUST0110,2024-08-10 20:57:00,2,60.74,121.48,Home & Kitchen,Netherlands
INV000469,CUST0204,2024-08-10 22:20:00,7,117.83,824.81,Clothing,France
INV001489,CUST0109,2024-08-11 07:58:00,1,52.11,52.11,Clothing,United Kingdom
INV000655,CUST0151,2024-08-11 13:23:00,11,155.41,1709.51,Electronics,France
INV000244,CUST0081,2024-08-11 13:30:00,7,157.29,1101.03,Beauty,United Kingdom
INV001739,CUST0062,2024-08-12 06:40:00,4,70.27,281.08,Electronics,United Kingdom
INV002259,CUST0107,2024-08-12 09:52:00,7,76.31,534.17,Electronics,Germany
INV000606,CUST0103,2024-08-12 11:24:00,1,76.41,76.41,Electronics,Spain
INV002970,CUST0227,2024-08-12 15:03:00,8,150.86,1206.88,Electronics,United Kingdom
INV001128,CUST0210,2024-08-12 17:26:00,2,71.03,142.06,Sports,Netherlands
INV001794,CUST0206,2024-08-12 21:15:00,3,41.46,124.38,Home & Kitchen,United Kingdom
INV000802,CUST0229,2024-08-12 22:13:00,6,139.24,835.44,Beauty,Germany
INV001086,CUST0040,2024-08-13 06:27:00,1,90.6,90.6,Electronics,United Kingdom
INV001051,CUST0090,2024-08-13 19:07:00,2,85.54,171.08,Clothing,United Kingdom
INV002898,CUST0017,2024-08-13 22:35:00,1,107.89,107.89,Electronics,United Kingdom
INV001709,CUST0009,2024-08-14 04:31:00,6,75.78,454.68,Electronics,United Kingdom
INV001214,CUST0010,2024-08-14 06:06:00,9,88.42,795.78,Electronics,France
INV002039,CUST0194,2024-08-14 13:52:00,3,60.7,182.1,Electronics,Netherlands
INV000902,CUST0038,2024-08-14 17:06:00,2,49.03,98.06,Clothing,United Kingdom
INV000387,CUST0036,2024-08-14 19:18:00,4,109.49,437.96,Home & Kitchen,United Kingdom
INV002169,CUST0006,2024-08-14 22:38:00,1,32.14,32.14,Clothing,United Kingdom
INV001866,CUST0134,2024-08-14 22:53:00,4,43.01,172.04,Home & Kitchen,United Kingdom
INV001481,CUST0025,2024-08-15 10:48:00,1,57.5,57.5,Clothing,Netherlands
INV001588,CUST0010,2024-08-15 13:41:00,5,73.76,368.8,Beauty,United Kingdom
INV002673,CUST0044,2024-08-15 13:43:00,7,265.54,1858.78,Home & Kitchen,United Kingdom
INV002162,CUST0117,2024-08-15 22:49:00,4,149.42,597.68,Clothing,United Kingdom
INV002190,CUST0222,2024-08-16 03:32:00,5,31.66,158.3,Beauty,United Kingdom
INV002029,CUST0033,2024-08-16 06:04:00,1,44.8,44.8,Electronics,United Kingdom
INV001149,CUST0063,2024-08-16 08:48:00,1,82.75,82.75,Home & Kitchen,United Kingdom
INV000664,CUST0104,2024-08-16 19:40:00,2,69.62,139.24,Beauty,Germany
INV001684,CUST0227,2024-08-17 02:23:00,8,187.09,1496.72,Electronics,United Kingdom
INV000846,CUST0185,2024-08-17 11:12:00,3,107.96,323.88,Clothing,United Kingdom
INV001903,CUST0184,2024-08-17 13:24:00,8,150.9,1207.2,Home & Kitchen,United Kingdom
INV001290,CUST0215,2024-08-17 20:00:00,6,169.29,1015.74,Sports,United Kingdom
INV000181,CUST0100,2024-08-18 02:46:00,1,47.66,47.66,Sports,United Kingdom
INV000447,CUST0146,2024-08-18 02:50:00,1,41.96,41.96,Clothing,United Kingdom
INV001797,CUST0012,2024-08-18 04:09:00,10,219.8,2198.0,Home & Kitchen,United Kingdom
INV000247,CUST0093,2024-08-18 06:21:00,6,124.87,749.22,Home & Kitchen,Spain
INV002268,CUST0044,2024-08-18 07:17:00,8,191.2,1529.6,Home & Kitchen,United Kingdom
INV000818,CUST0095,2024-08-18 17:30:00,6,152.04,912.24,Electronics,United Kingdom
INV000552,CUST0023,2024-08-19 03:39:00,5,77.61,388.05,Electronics,United Kingdom
INV002852,CUST0020,2024-08-19 09:58:00,2,74.74,149.48,Clothing,Spain
INV001707,CUST0076,2024-08-19 21:11:00,3,149.41,448.23,Electronics,France
INV002073,CUST0062,2024-08-20 06:00:00,1,114.68,114.68,Electronics,Netherlands
INV002160,CUST0164,2024-08-20 06:12:00,4,65.04,260.16,Beauty,Spain
INV001955,CUST0060,2024-08-20 13:19:00,2,66.21,132.42,Electronics,United Kingdom
INV001933,CUST0208,2024-08-20 21:21:00,8,160.36,1282.88,Clothing,Germany
INV002420,CUST0076,2024-08-21 01:18:00,6,170.08,1020.48,Sports,United Kingdom
INV001924,CUST0163,2024-08-21 09:55:00,1,34.82,34.82,Clothing,United Kingdom
INV002466,CUST0015,2024-08-21 10:55:00,2,40.14,80.28,Home & Kitchen,United Kingdom
INV002591,CUST0069,2024-08-21 12:10:00,1,44.78,44.78,Clothing,United Kingdom
INV001772,CUST0166,2024-08-22 04:20:00,1,114.74,114.74,Home & Kitchen,United Kingdom
INV002280,CUST0201,2024-08-22 10:16:00,1,68.12,68.12,Clothing,United Kingdom
INV001662,CUST0005,2024-08-22 14:16:00,2,56.15,112.3,Home & Kitchen,Germany
INV002624,CUST0118,2024-08-22 16:51:00,3,37.51,112.53,Electronics,Spain
INV001803,CUST0155,2024-08-23 00:13:00,5,242.88,1214.4,Clothing,Germany
INV000744,CUST0107,2024-08-23 00:24:00,4,72.32,289.28,Electronics,United Kingdom
INV001790,CUST0159,2024-08-23 02:29:00,1,26.26,26.26,Electronics,Germany
INV000449,CUST0233,2024-08-23 03:41:00,1,75.89,75.89,Home & Kitchen,Germany
INV000562,CUST0201,2024-08-23 12:20:00,5,53.27,266.35,Beauty,United Kingdom
INV000576,CUST0095,2024-08-23 13:31:00,7,87.57,612.99,Electronics,United Kingdom
INV000398,CUST0019,2024-08-23 23:29:00,2,69.14,138.28,Clothing,Germany
INV000075,CUST0150,2024-08-24 06:27:00,4,44.84,179.36,Home & Kitchen,Spain
INV000724,CUST0056,2024-08-24 07:05:00,8,336.59,2692.72,Sports,United Kingdom
INV000629,CUST0051,2024-08-24 11:59:00,9,266.82,2401.38,Sports,Spain
INV000271,CUST0152,2024-08-24 12:58:00,1,50.72,50.72,Electronics,France
INV001267,CUST0007,2024-08-24 22:05:00,1,42.97,42.97,Beauty,France
INV002156,CUST0177,2024-08-25 02:09:00,4,132.25,529.0,Clothing,United Kingdom
INV000663,CUST0132,2024-08-26 09:37:00,1,21.67,21.67,Clothing,Netherlands
INV001635,CUST0077,2024-08-26 23:16:00,6,86.22,517.32,Beauty,Germany
INV001831,CUST0022,2024-08-27 07:17:00,3,47.42,142.26,Electronics,Netherlands
INV001427,CUST0201,2024-08-27 14:26:00,2,83.15,166.3,Clothing,Spain
INV002933,CUST0149,2024-08-27 16:50:00,2,53.07,106.14,Home & Kitchen,Germany
INV001065,CUST0171,2024-08-27 18:18:00,2,145.63,291.26,Home & Kitchen,United Kingdom
INV000144,CUST0117,2024-08-28 00:42:00,10,125.65,1256.5,Home & Kitchen,United Kingdom
INV000748,CUST0250,2024-08-28 01:00:00,2,138.6,277.2,Beauty,Spain
INV001718,CUST0124,2024-08-28 04:00:00,2,38.34,76.68,Clothing,United Kingdom
INV000956,CUST0032,2024-08-28 06:58:00,1,55.82,55.82,Clothing,Germany
INV002317,CUST0172,2024-08-28 14:48:00,1,45.59,45.59,Beauty,Germany
INV000792,CUST0006,2024-08-28 17:44:00,2,46.19,92.38,Sports,United Kingdom
INV002284,CUST0029,2024-08-29 01:34:00,3,59.78,179.34,Sports,United Kingdom
INV002204,CUST0246,2024-08-29 04:37:00,13,238.64,3102.32,Electronics,Germany
INV000957,CUST0179,2024-08-29 12:13:00,8,201.73,1613.84,Beauty,United Kingdom
INV001970,CUST0009,2024-08-29 16:41:00,1,70.52,70.52,Clothing,France
INV001935,CUST0072,2024-08-29 19:30:00,1,38.6,38.6,Beauty,Spain
INV001450,CUST0222,2024-08-30 13:48:00,5,54.7,273.5,Electronics,United Kingdom
INV002993,CUST0010,2024-08-31 06:44:00,4,150.36,601.44,Home & Kitchen,United Kingdom
INV000260,CUST0075,2024-08-31 11:07:00,3,109.06,327.18,Clothing,Netherlands
INV001868,CUST0079,2024-08-31 23:22:00,1,86.7,86.7,Home & Kitchen,United Kingdom
INV002178,CUST0131,2024-09-01 03:32:00,3,98.01,294.03,Home & Kitchen,United Kingdom
INV002089,CUST0188,2024-09-01 07:13:00,2,51.44,102.88,Sports,United Kingdom
INV000285,CUST0224,2024-09-01 10:44:00,1,59.74,59.74,Clothing,United Kingdom
INV002733,CUST0084,2024-09-01 21:59:00,3,26.35,79.05,Sports,Spain
INV002032,CUST0158,2024-09-01 23:59:00,1,83.89,83.89,Sports,Germany
INV002886,CUST0156,2024-09-02 04:12:00,1,42.83,42.83,Home & Kitchen,Spain
INV000982,CUST0179,2024-09-02 06:14:00,11,110.94,1220.34,Clothing,United Kingdom
INV000246,CUST0008,2024-09-02 09:02:00,6,112.09,672.54,Clothing,Germany
INV001288,CUST0130,2024-09-02 14:37:00,4,61.3,245.2,Home & Kitchen,Spain
INV002626,CUST0167,2024-09-02 14:49:00,5,60.23,301.15,Electronics,Spain
INV000376,CUST0136,2024-09-02 19:04:00,3,61.68,185.04,Clothing,Germany
INV000279,CUST0241,2024-09-03 02:31:00,9,205.71,1851.39,Home & Kitchen,United Kingdom
INV001509,CUST0176,2024-09-03 09:39:00,1,17.23,17.23,Beauty,Germany
INV000119,CUST0058,2024-09-03 17:14:00,1,38.57,38.57,Electronics,United Kingdom
INV000057,CUST0142,2024-09-03 20:07:00,3,34.2,102.6,Home & Kitchen,United Kingdom
INV002010,CUST0145,2024-09-04 01:15:00,1,95.64,95.64,Clothing,United Kingdom
INV001186,CUST0221,2024-09-04 04:42:00,10,87.94,879.4,Sports,United Kingdom
INV002338,CUST0102,2024-09-05 09:42:00,1,60.58,60.58,Beauty,United Kingdom
INV002885,CUST0073,2024-09-06 02:06:00,1,26.81,26.81,Electronics,United Kingdom
INV002023,CUST0168,2024-09-06 05:36:00,4,37.66,150.64,Home & Kitchen,France
INV002025,CUST0242,2024-09-06 06:42:00,8,250.82,2006.56,Sports,Spain
INV002709,CUST0012,2024-09-06 08:59:00,7,199.89,1399.23,Sports,United Kingdom
INV002392,CUST0159,2024-09-06 10:30:00,1,30.7,30.7,Clothing,Netherlands
INV001208,CUST0008,2024-09-06 13:04:00,3,166.38,499.14,Home & Kitchen,United Kingdom
INV000647,CUST0126,2024-09-06 18:05:00,1,46.95,46.95,Sports,United Kingdom
INV001401,CUST0039,2024-09-06 20:44:00,4,160.44,641.76,Clothing,Netherlands
INV000968,CUST0239,2024-09-07 00:33:00,1,76.56,76.56,Electronics,United Kingdom
INV002648,CUST0131,2024-09-07 01:18:00,4,71.33,285.32,Clothing,Germany
INV001936,CUST0060,2024-09-07 04:25:00,4,105.91,423.64,Sports,United Kingdom
INV000452,CUST0143,2024-09-07 11:01:00,1,69.36,69.36,Clothing,United Kingdom
INV001365,CUST0134,2024-09-07 20:21:00,2,63.92,127.84,Clothing,United Kingdom
INV000572,CUST0232,2024-09-08 02:01:00,4,45.27,181.08,Sports,United Kingdom
INV000378,CUST0109,2024-09-08 07:02:00,1,60.48,60.48,Beauty,United Kingdom
INV001034,CUST0115,2024-09-08 17:52:00,2,81.29,162.58,Beauty,Netherlands
INV002472,CUST0242,2024-09-08 22:30:00,9,315.42,2838.78,Electronics,France
INV002711,CUST0144,2024-09-09 11:01:00,5,69.62,348.1,Electronics,France
INV000587,CUST0012,2024-09-09 16:13:00,7,157.98,1105.86,Electronics,Spain
INV002012,CUST0121,2024-09-10 02:22:00,11,160.9,1769.9,Electronics,Spain
INV000433,CUST0173,2024-09-10 04:47:00,4,87.92,351.68,Sports,United Kingdom
INV000760,CUST0185,2024-09-10 16:08:00,2,98.6,197.2,Sports,United Kingdom
INV000558,CUST0083,2024-09-10 22:32:00,1,78.93,78.93,Electronics,Spain
INV002540,CUST0196,2024-09-11 05:25:00,1,89.55,89.55,Home & Kitchen,United Kingdom
INV001066,CUST0204,2024-09-11 06:19:00,5,85.11,425.55,Clothing,United Kingdom
INV001209,CUST0157,2024-09-11 15:37:00,3,110.76,332.28,Electronics,United Kingdom
INV001426,CUST0226,2024-09-11 17:31:00,2,45.02,90.04,Electronics,Germany
INV002946,CUST0213,2024-09-11 20:02:00,7,74.71,522.97,Home & Kitchen,Germany
INV001974,CUST0188,2024-09-12 10:03:00,1,69.23,69.23,Home & Kitchen,United Kingdom
INV000771,CUST0025,2024-09-12 12:32:00,1,61.76,61.76,Clothing,Spain
INV000711,CUST0048,2024-09-12 14:42:00,2,79.07,158.14,Sports,United Kingdom
INV002566,CUST0125,2024-09-12 17:49:00,3,53.59,160.77,Beauty,United Kingdom
INV000325,CUST0069,2024-09-12 19:08:00,1,68.38,68.38,Electronics,United Kingdom
INV001834,CUST0096,2024-09-13 02:16:00,4,110.58,442.32,Sports,Spain
INV000549,CUST0102,2024-09-13 04:57:00,1,85.24,85.24,Clothing,United Kingdom
INV000314,CUST0199,2024-09-13 13:36:00,7,188.81,1321.67,Clothing,United Kingdom
INV002480,CUST0247,2024-09-14 07:39:00,3,66.51,199.53,Clothing,Spain
INV001697,CUST0105,2024-09-14 08:29:00,8,203.98,1631.84,Beauty,United Kingdom
INV002634,CUST0019,2024-09-14 16:31:00,5,80.29,401.45,Electronics,United Kingdom
INV000787,CUST0236,2024-09-14 17:56:00,7,95.74,670.18,Electronics,France
INV002411,CUST0075,2024-09-14 23:11:00,2,149.91,299.82,Home & Kitchen,United Kingdom
INV000804,CUST0033,2024-09-15 04:22:00,1,44.8,44.8,Clothing,United Kingdom
INV002034,CUST0077,2024-09-15 14:31:00,2,88.0,176.0,Beauty,Germany
INV001482,CUST0210,2024-09-15 17:51:00,1,50.62,50.62,Electronics,United Kingdom
INV001313,CUST0238,2024-09-15 22:08:00,1,56.25,56.25,Home & Kitchen,United Kingdom
INV001882,CUST0141,2024-09-16 19:03:00,5,238.71,1193.55,Sports,United Kingdom
INV001163,CUST0118,2024-09-17 03:04:00,1,61.87,61.87,Electronics,United Kingdom
INV000623,CUST0225,2024-09-17 14:30:00,4,115.63,462.52,Electronics,United Kingdom
INV002727,CUST0248,2024-09-18 05:02:00,6,188.66,1131.96,Beauty,United Kingdom
INV002916,CUST0007,2024-09-18 16:31:00,1,41.91,41.91,Electronics,Spain
INV000363,CUST0141,2024-09-18 22:42:00,7,104.23,729.61,Home & Kitchen,United Kingdom
INV000234,CUST0029,2024-09-19 22:15:00,1,66.83,66.83,Electronics,France
INV001461,CUST0074,2024-09-20 02:25:00,4,120.29,481.16,Clothing,United Kingdom
INV000034,CUST0246,2024-09-20 03:41:00,9,185.08,1665.72,Electronics,United Kingdom
INV000689,CUST0133,2024-09-20 10:19:00,1,63.24,63.24,Electronics,United Kingdom
INV002247,CUST0133,2024-09-20 15:35:00,2,41.71,83.42,Home & Kitchen,Netherlands
INV002772,CUST0150,2024-09-20 15:36:00,1,55.76,55.76,Clothing,Spain
INV001078,CUST0092,2024-09-20 23:18:00,9,126.23,1136.07,Clothing,United Kingdom
INV002616,CUST0002,2024-09-21 01:15:00,7,234.04,1638.28,Beauty,Netherlands
INV001056,CUST0141,2024-09-21 01:38:00,8,297.98,2383.84,Clothing,United Kingdom
INV000112,CUST0158,2024-09-21 06:52:00,3,94.46,283.38,Home & Kitchen,France
INV000296,CUST0017,2024-09-21 14:11:00,3,57.34,172.02,Beauty,United Kingdom
INV002502,CUST0052,2024-09-21 23:26:00,6,124.82,748.92,Clothing,United Kingdom
INV001711,CUST0040,2024-09-22 05:41:00,5,56.55,282.75,Clothing,Germany
INV001517,CUST0222,2024-09-22 10:12:00,4,99.82,399.28,Electronics,United Kingdom
INV000751,CUST0115,2024-09-22 16:44:00,4,97.08,388.32,Sports,United Kingdom
INV001425,CUST0235,2024-09-22 23:49:00,3,46.54,139.62,Sports,United Kingdom
INV002378,CUST0194,2024-09-23 04:59:00,2,44.09,88.18,Electronics,United Kingdom
INV000564,CUST0001,2024-09-23 05:54:00,2,45.67,91.34,Home & Kitchen,United Kingdom
INV002780,CUST0012,2024-09-23 14:48:00,7,313.03,2191.21,Clothing,France
INV000941,CUST0123,2024-09-23 21:47:00,2,61.36,122.72,Home & Kitchen,United Kingdom
INV000018,CUST0114,2024-09-24 01:52:00,4,80.03,320.12,Beauty,United Kingdom
INV002055,CUST0195,2024-09-24 02:36:00,3,97.71,293.13,Clothing,United Kingdom
INV002198,CUST0037,2024-09-24 05:53:00,2,75.36,150.72,Electronics,Germany
INV001531,CUST0188,2024-09-24 19:04:00,3,54.95,164.85,Electronics,United Kingdom
INV002172,CUST0243,2024-09-24 22:32:00,10,167.99,1679.9,Clothing,Germany
INV002606,CUST0220,2024-09-25 06:25:00,5,163.53,817.65,Clothing,France
INV000083,CUST0015,2024-09-25 11:33:00,3,28.89,86.67,Sports,United Kingdom
INV000630,CUST0081,2024-09-25 11:42:00,7,120.7,844.9,Electronics,France
INV000286,CUST0037,2024-09-25 13:43:00,1,98.33,98.33,Beauty,United Kingdom
INV000860,CUST0019,2024-09-26 15:31:00,2,55.65,111.3,Sports,Spain
INV000313,CUST0009,2024-09-27 03:23:00,1,47.51,47.51,Electronics,United Kingdom
INV002597,CUST0161,2024-09-27 12:15:00,1,46.97,46.97,Beauty,Germany
INV002126,CUST0131,2024-09-27 15:29:00,3,69.01,207.03,Clothing,United Kingdom
INV001007,CUST0010,2024-09-27 22:30:00,8,114.39,915.12,Clothing,United Kingdom
INV001358,CUST0117,2024-09-28 11:41:00,3,146.54,439.62,Home & Kitchen,Netherlands
INV000879,CUST0161,2024-09-28 11:57:00,1,81.32,81.32,Clothing,United Kingdom
INV001421,CUST0235,2024-09-28 12:04:00,4,64.26,257.04,Electronics,Spain
INV002655,CUST0231,2024-09-28 14:07:00,7,110.59,774.13,Electronics,Spain
INV002536,CUST0042,2024-09-28 14:16:00,6,20.27,121.62,Clothing,United Kingdom
INV000439,CUST0213,2024-09-28 18:10:00,4,89.96,359.84,Home & Kitchen,United Kingdom
INV002695,CUST0197,2024-09-28 18:54:00,9,109.49,985.41,Clothing,Spain
INV002713,CUST0136,2024-09-28 23:12:00,2,63.59,127.18,Beauty,United Kingdom
INV000200,CUST0248,2024-09-29 10:31:00,12,325.0,3900.0,Clothing,United Kingdom
INV000302,CUST0086,2024-09-29 10:36:00,4,53.18,212.72,Clothing,United Kingdom
INV000132,CUST0058,2024-09-29 11:15:00,1,35.21,35.21,Electronics,United Kingdom
INV002111,CUST0053,2024-09-29 19:33:00,9,355.4,3198.6,Sports,United Kingdom
INV000455,CUST0117,2024-09-30 06:39:00,4,151.53,606.12,Electronics,United Kingdom
INV000823,CUST0131,2024-09-30 08:06:00,1,58.4,58.4,Home & Kitchen,United Kingdom
INV000642,CUST0034,2024-09-30 09:16:00,7,218.13,1526.91,Beauty,United Kingdom
INV002665,CUST0160,2024-09-30 19:20:00,10,146.37,1463.7,Clothing,United Kingdom
INV001373,CUST0199,2024-09-30 20:28:00,10,171.61,1716.1,Clothing,United Kingdom
INV001626,CUST0124,2024-09-30 21:22:00,1,35.77,35.77,Sports,France
INV001016,CUST0047,2024-10-01 04:37:00,1,56.15,56.15,Clothing,United Kingdom
INV000712,CUST0061,2024-10-01 08:09:00,2,86.24,172.48,Electronics,United Kingdom
INV002299,CUST0020,2024-10-01 15:52:00,2,49.21,98.42,Beauty,United Kingdom
INV000535,CUST0161,2024-10-01 18:21:00,1,98.53,98.53,Sports,United Kingdom
INV001867,CUST0111,2024-10-01 19:53:00,5,96.04,480.2,Electronics,United Kingdom
INV001535,CUST0037,2024-10-01 20:47:00,6,29.29,175.74,Clothing,United Kingdom
INV001311,CUST0120,2024-10-02 19:49:00,5,68.25,341.25,Clothing,France
INV001454,CUST0019,2024-10-03 11:34:00,1,68.18,68.18,Electronics,Spain
INV001664,CUST0054,2024-10-03 14:12:00,4,72.41,289.64,Clothing,United Kingdom
INV002555,CUST0021,2024-10-03 15:13:00,1,44.86,44.86,Electronics,United Kingdom
INV002659,CUST0060,2024-10-04 06:19:00,2,59.52,119.04,Home & Kitchen,United Kingdom
INV000426,CUST0166,2024-10-04 10:48:00,6,115.37,692.22,Electronics,Spain
INV000245,CUST0090,2024-10-04 12:53:00,4,74.88,299.52,Home & Kitchen,United Kingdom
INV000776,CUST0109,2024-10-04 18:25:00,1,32.89,32.89,Clothing,Spain
INV002699,CUST0047,2024-10-04 20:13:00,2,62.04,124.08,Clothing,Spain
INV001429,CUST0194,2024-10-05 00:40:00,4,95.66,382.64,Beauty,United Kingdom
INV001219,CUST0124,2024-10-05 12:50:00,3,40.53,121.59,Beauty,United Kingdom
INV001912,CUST0006,2024-10-06 00:04:00,1,42.67,42.67,Beauty,United Kingdom
INV000049,CUST0057,2024-10-06 02:27:00,1,38.22,38.22,Electronics,France
INV001010,CUST0074,2024-10-06 04:57:00,4,132.2,528.8,Electronics,Netherlands
INV000195,CUST0250,2024-10-06 16:09:00,6,109.96,659.76,Beauty,United Kingdom
INV000971,CUST0206,2024-10-06 17:41:00,1,60.1,60.1,Home & Kitchen,United Kingdom
INV001117,CUST0154,2024-10-06 22:36:00,2,66.33,132.66,Clothing,Spain
INV002795,CUST0080,2024-10-06 23:56:00,1,79.07,79.07,Sports,United Kingdom
INV000863,CUST0020,2024-10-07 00:07:00,3,90.09,270.27,Home & Kitchen,United Kingdom
INV000966,CUST0145,2024-10-07 22:59:00,2,72.69,145.38,Clothing,United Kingdom
INV002483,CUST0117,2024-10-07 23:50:00,8,147.93,1183.44,Electronics,France
INV000828,CUST0036,2024-10-08 00:48:00,7,88.49,619.43,Electronics,France
INV002408,CUST0023,2024-10-08 06:55:00,4,80.07,320.28,Home & Kitchen,Spain
INV000556,CUST0202,2024-10-08 11:07:00,1,37.08,37.08,Electronics,United Kingdom
INV002040,CUST0166,2024-10-08 12:33:00,1,101.13,101.13,Electronics,United Kingdom
INV000996,CUST0157,2024-10-08 13:04:00,6,125.0,750.0,Home & Kitchen,Germany
INV001723,CUST0176,2024-10-08 13:04:00,4,51.45,205.8,Clothing,United Kingdom
INV000795,CUST0064,2024-10-09 00:16:00,1,73.53,73.53,Clothing,United Kingdom
INV001586,CUST0239,2024-10-09 19:17:00,1,64.16,64.16,Home & Kitchen,United Kingdom
INV000989,CUST0157,2024-10-09 22:43:00,2,46.68,93.36,Electronics,Spain
INV000878,CUST0003,2024-10-10 12:32:00,4,166.53,666.12,Beauty,United Kingdom
INV002217,CUST0123,2024-10-10 12:56:00,1,39.81,39.81,Home & Kitchen,Germany
INV001081,CUST0137,2024-10-10 19:44:00,1,61.51,61.51,Clothing,Netherlands
INV002383,CUST0073,2024-10-10 20:53:00,1,32.95,32.95,Clothing,Germany
INV001879,CUST0004,2024-10-11 00:48:00,3,103.46,310.38,Home & Kitchen,United Kingdom
INV000238,CUST0046,2024-10-11 06:27:00,2,103.34,206.68,Clothing,France
INV002163,CUST0098,2024-10-11 07:41:00,1,92.22,92.22,Home & Kitchen,France
INV000842,CUST0248,2024-10-11 11:20:00,9,210.67,1896.03,Sports,United Kingdom
INV002661,CUST0188,2024-10-11 16:56:00,2,79.13,158.26,Sports,Germany
INV001639,CUST0052,2024-10-12 05:01:00,3,114.45,343.35,Clothing,United Kingdom
INV000684,CUST0061,2024-10-12 09:31:00,1,88.21,88.21,Electronics,France
INV002977,CUST0021,2024-10-12 09:51:00,3,48.59,145.77,Home & Kitchen,Spain
INV000227,CUST0067,2024-10-12 13:33:00,1,67.3,67.3,Beauty,United Kingdom
INV001690,CUST0089,2024-10-12 14:40:00,5,108.56,542.8,Electronics,United Kingdom
INV001595,CUST0222,2024-10-13 00:26:00,3,81.91,245.73,Electronics,United Kingdom
INV002371,CUST0053,2024-10-13 09:23:00,10,205.85,2058.5,Clothing,Spain
INV002362,CUST0089,2024-10-13 14:37:00,6,154.79,928.74,Home & Kitchen,Spain
INV002880,CUST0215,2024-10-13 18:59:00,9,122.84,1105.56,Home & Kitchen,United Kingdom
INV001289,CUST0195,2024-10-13 19:48:00,5,63.55,317.75,Home & Kitchen,Netherlands
INV000617,CUST0179,2024-10-14 00:19:00,9,295.48,2659.32,Clothing,Spain
INV001357,CUST0087,2024-10-14 02:03:00,7,96.74,677.18,Clothing,United Kingdom
INV002516,CUST0177,2024-10-14 05:44:00,6,236.27,1417.62,Clothing,United Kingdom
INV000299,CUST0084,2024-10-14 10:53:00,1,66.17,66.17,Beauty,United Kingdom
INV002241,CUST0093,2024-10-14 15:15:00,7,136.29,954.03,Home & Kitchen,France
INV000055,CUST0238,2024-10-15 03:11:00,1,58.89,58.89,Clothing,Germany
INV002863,CUST0151,2024-10-15 08:41:00,4,245.32,981.28,Home & Kitchen,United Kingdom
INV002150,CUST0108,2024-10-15 10:37:00,4,145.55,582.2,Electronics,United Kingdom
INV000061,CUST0143,2024-10-15 10:52:00,1,34.3,34.3,Clothing,United Kingdom
INV002754,CUST0105,2024-10-15 11:17:00,13,214.24,2785.12,Home & Kitchen,United Kingdom
INV002936,CUST0058,2024-10-15 14:05:00,1,58.0,58.0,Electronics,Germany
INV002271,CUST0111,2024-10-15 22:28:00,1,89.37,89.37,Home & Kitchen,United Kingdom
INV001979,CUST0117,2024-10-16 05:00:00,2,148.13,296.26,Beauty,Germany
INV002570,CUST0208,2024-10-16 08:03:00,6,59.53,357.18,Clothing,United Kingdom
INV002829,CUST0169,2024-10-16 08:36:00,1,51.15,51.15,Beauty,United Kingdom
INV002985,CUST0137,2024-10-16 14:41:00,9,63.72,573.48,Beauty,United Kingdom
INV002324,CUST0052,2024-10-16 18:29:00,6,70.73,424.38,Clothing,United Kingdom
INV001644,CUST0093,2024-10-16 23:40:00,6,96.04,576.24,Home & Kitchen,France
INV002534,CUST0170,2024-10-17 00:03:00,5,101.02,505.1,Clothing,United Kingdom
INV000293,CUST0099,2024-10-17 05:56:00,1,50.86,50.86,Sports,Germany
INV001946,CUST0050,2024-10-17 15:52:00,2,21.04,42.08,Clothing,United Kingdom
INV001568,CUST0160,2024-10-17 22:59:00,8,59.77,478.16,Clothing,France
INV002223,CUST0229,2024-10-18 00:32:00,4,111.0,444.0,Clothing,United Kingdom
INV001351,CUST0017,2024-10-18 05:14:00,6,74.9,449.4,Clothing,Netherlands
INV002403,CUST0198,2024-10-18 10:29:00,4,122.13,488.52,Beauty,United Kingdom
INV001336,CUST0029,2024-10-18 13:33:00,1,73.05,73.05,Electronics,Germany
INV001463,CUST0055,2024-10-18 13:41:00,7,102.02,714.14,Clothing,France
INV000652,CUST0115,2024-10-18 21:24:00,1,51.61,51.61,Clothing,Germany
INV000110,CUST0124,2024-10-18 22:33:00,1,70.39,70.39,Electronics,Germany
INV000596,CUST0112,2024-10-19 00:07:00,1,49.38,49.38,Electronics,Germany
INV000077,CUST0058,2024-10-19 01:03:00,1,46.96,46.96,Electronics,Netherlands
INV000493,CUST0161,2024-10-19 01:09:00,2,57.43,114.86,Sports,United Kingdom
INV000560,CUST0085,2024-10-19 08:07:00,2,10.52,21.04,Sports,Netherlands
INV002828,CUST0227,2024-10-20 04:42:00,8,331.0,2648.0,Beauty,France
INV002165,CUST0066,2024-10-20 06:45:00,5,95.52,477.6,Beauty,United Kingdom
INV002698,CUST0031,2024-10-20 08:11:00,2,63.19,126.38,Sports,United Kingdom
INV001407,CUST0111,2024-10-20 11:23:00,3,69.53,208.59,Sports,France
INV001652,CUST0107,2024-10-20 13:46:00,6,74.81,448.86,Clothing,United Kingdom
INV000078,CUST0086,2024-10-20 14:27:00,2,57.09,114.18,Clothing,United Kingdom
INV000097,CUST0006,2024-10-20 20:33:00,1,51.14,51.14,Beauty,United Kingdom
INV002373,CUST0069,2024-10-21 05:46:00,1,54.95,54.95,Home & Kitchen,France
INV002819,CUST0014,2024-10-22 19:56:00,1,29.0,29.0,Sports,United Kingdom
INV002328,CUST0124,2024-10-24 06:54:00,3,73.24,219.72,Electronics,United Kingdom
INV001268,CUST0074,2024-10-24 14:31:00,4,96.13,384.52,Beauty,Germany
INV001005,CUST0086,2024-10-24 15:02:00,1,74.93,74.93,Clothing,Netherlands
INV001919,CUST0124,2024-10-24 18:48:00,1,32.85,32.85,Home & Kitchen,United Kingdom
INV001511,CUST0242,2024-10-24 20:25:00,3,336.03,1008.09,Home & Kitchen,Netherlands
INV000035,CUST0176,2024-10-25 01:27:00,1,51.34,51.34,Electronics,United Kingdom
INV000485,CUST0041,2024-10-25 13:04:00,1,43.97,43.97,Sports,France
INV000096,CUST0196,2024-10-25 18:36:00,3,50.69,152.07,Home & Kitchen,Germany
INV001023,CUST0157,2024-10-25 23:59:00,5,166.18,830.9,Sports,United Kingdom
INV000131,CUST0129,2024-10-26 00:54:00,1,19.51,19.51,Electronics,United Kingdom
INV001751,CUST0033,2024-10-26 13:13:00,1,31.01,31.01,Clothing,Netherlands
INV002413,CUST0088,2024-10-26 15:05:00,4,59.88,239.52,Sports,United Kingdom
INV001342,CUST0070,2024-10-26 15:34:00,10,260.26,2602.6,Electronics,United Kingdom
INV000665,CUST0132,2024-10-27 06:37:00,1,38.7,38.7,Clothing,United Kingdom
INV002963,CUST0026,2024-10-27 07:02:00,6,161.18,967.08,Electronics,United Kingdom
INV000328,CUST0025,2024-10-27 09:26:00,5,49.37,246.85,Clothing,United Kingdom
INV001567,CUST0018,2024-10-27 11:10:00,1,94.73,94.73,Electronics,Spain
INV000428,CUST0134,2024-10-27 13:06:00,4,50.21,200.84,Beauty,United Kingdom
INV002724,CUST0005,2024-10-27 16:08:00,1,50.96,50.96,Clothing,United Kingdom
INV002174,CUST0186,2024-10-28 18:57:00,6,83.29,499.74,Beauty,Spain
INV001144,CUST0245,2024-10-28 19:48:00,1,35.83,35.83,Home & Kitchen,United Kingdom
INV002393,CUST0233,2024-10-29 00:52:00,3,141.08,423.24,Beauty,United Kingdom
INV001100,CUST0057,2024-10-29 01:46:00,2,38.25,76.5,Clothing,United Kingdom
INV001889,CUST0075,2024-10-29 02:05:00,4,153.86,615.44,Clothing,United Kingdom
INV000625,CUST0079,2024-10-29 10:24:00,3,74.88,224.64,Electronics,Germany
INV000118,CUST0092,2024-10-29 10:56:00,5,120.55,602.75,Clothing,United Kingdom
INV000141,CUST0089,2024-10-29 11:05:00,2,136.12,272.24,Clothing,United Kingdom
INV000693,CUST0046,2024-10-29 12:34:00,3,131.0,393.0,Electronics,United Kingdom
INV001566,CUST0141,2024-10-29 23:09:00,9,241.4,2172.6,Beauty,Spain
INV002060,CUST0073,2024-10-30 05:51:00,1,42.49,42.49,Home & Kitchen,United Kingdom
INV000086,CUST0188,2024-10-30 09:59:00,2,70.93,141.86,Clothing,Germany
INV001521,CUST0146,2024-10-31 10:54:00,2,47.94,95.88,Clothing,France
INV001585,CUST0236,2024-10-31 12:08:00,7,79.85,558.95,Clothing,United Kingdom
INV002400,CUST0132,2024-10-31 14:13:00,2,50.99,101.98,Electronics,United Kingdom
INV002188,CUST0100,2024-10-31 15:23:00,1,37.95,37.95,Home & Kitchen,United Kingdom
INV001752,CUST0006,2024-10-31 17:53:00,1,42.48,42.48,Beauty,Germany
INV002602,CUST0176,2024-11-01 08:06:00,2,34.22,68.44,Home & Kitchen,Germany
INV000690,CUST0233,2024-11-01 09:54:00,5,38.24,191.2,Clothing,United Kingdom
INV002541,CUST0118,2024-11-02 15:54:00,1,62.37,62.37,Beauty,United Kingdom
INV000084,CUST0054,2024-11-02 21:35:00,5,153.09,765.45,Home & Kitchen,Spain
INV002994,CUST0242,2024-11-02 23:10:00,5,264.53,1322.65,Beauty,Germany
INV001362,CUST0027,2024-11-02 23:23:00,2,67.49,134.98,Home & Kitchen,Netherlands
INV000324,CUST0117,2024-11-03 02:59:00,7,113.38,793.66,Electronics,United Kingdom
INV001404,CUST0054,2024-11-03 06:23:00,4,161.82,647.28,Electronics,United Kingdom
INV000571,CUST0113,2024-11-03 06:29:00,12,228.34,2740.08,Electronics,United Kingdom
INV001479,CUST0198,2024-11-03 11:42:00,9,123.25,1109.25,Clothing,United Kingdom
INV001660,CUST0120,2024-11-03 19:54:00,1,69.08,69.08,Beauty,United Kingdom
INV000908,CUST0069,2024-11-04 03:23:00,4,46.1,184.4,Beauty,United Kingdom
INV001453,CUST0012,2024-11-04 05:56:00,13,120.28,1563.64,Clothing,United Kingdom
INV000201,CUST0069,2024-11-04 08:41:00,1,34.47,34.47,Sports,Spain
INV001859,CUST0180,2024-11-04 10:09:00,1,35.66,35.66,Home & Kitchen,United Kingdom
INV000601,CUST0085,2024-11-04 10:21:00,2,74.22,148.44,Home & Kitchen,Germany
INV003000,CUST0203,2024-11-04 16:22:00,1,54.37,54.37,Sports,United Kingdom
INV000402,CUST0173,2024-11-04 22:28:00,2,41.69,83.38,Beauty,United Kingdom
INV000150,CUST0191,2024-11-05 02:48:00,1,25.24,25.24,Beauty,United Kingdom
INV002834,CUST0226,2024-11-05 08:39:00,1,29.8,29.8,Beauty,United Kingdom
INV002342,CUST0175,2024-11-05 12:07:00,6,64.91,389.46,Sports,United Kingdom
INV000811,CUST0112,2024-11-05 12:12:00,1,54.48,54.48,Clothing,France
INV002518,CUST0132,2024-11-05 12:12:00,1,48.79,48.79,Home & Kitchen,United Kingdom
INV001334,CUST0154,2024-11-05 16:06:00,4,61.3,245.2,Clothing,Germany
INV000051,CUST0173,2024-11-05 19:33:00,3,75.12,225.36,Home & Kitchen,Netherlands
INV001366,CUST0219,2024-11-05 20:33:00,2,55.86,111.72,Electronics,United Kingdom
INV001210,CUST0055,2024-11-05 21:36:00,3,59.38,178.14,Electronics,United Kingdom
INV001806,CUST0017,2024-11-05 22:03:00,2,54.47,108.94,Beauty,United Kingdom
INV002854,CUST0221,2024-11-06 01:18:00,6,93.45,560.7,Clothing,Spain
INV001811,CUST0192,2024-11-06 03:10:00,4,154.97,619.88,Electronics,United Kingdom
INV002185,CUST0099,2024-11-06 06:17:00,1,44.23,44.23,Home & Kitchen,United Kingdom
INV001556,CUST0108,2024-11-06 17:05:00,2,112.9,225.8,Sports,Germany
INV000740,CUST0003,2024-11-06 23:46:00,7,129.62,907.34,Sports,Germany
INV002033,CUST0161,2024-11-07 06:21:00,1,114.24,114.24,Electronics,Germany
INV002794,CUST0067,2024-11-07 07:20:00,1,39.71,39.71,Sports,United Kingdom
INV000697,CUST0218,2024-11-07 10:19:00,9,102.17,919.53,Electronics,Netherlands
INV001201,CUST0114,2024-11-07 12:26:00,7,64.5,451.5,Beauty,United Kingdom
INV002332,CUST0085,2024-11-07 15:02:00,1,64.56,64.56,Clothing,United Kingdom
INV001825,CUST0156,2024-11-07 19:52:00,4,55.53,222.12,Clothing,Germany
INV002471,CUST0046,2024-11-07 22:18:00,5,139.19,695.95,Beauty,Spain
INV002405,CUST0082,2024-11-07 23:18:00,2,57.93,115.86,Sports,United Kingdom
INV002093,CUST0210,2024-11-08 04:48:00,1,55.63,55.63,Beauty,United Kingdom
INV001097,CUST0164,2024-11-08 07:18:00,3,83.48,250.44,Clothing,Germany
INV001434,CUST0017,2024-11-08 12:50:00,4,75.18,300.72,Sports,Germany
INV001821,CUST0233,2024-11-08 19:44:00,1,68.41,68.41,Beauty,United Kingdom
INV002938,CUST0167,2024-11-09 04:28:00,2,48.64,97.28,Electronics,Spain
INV001317,CUST0209,2024-11-09 04:34:00,1,39.1,39.1,Clothing,United Kingdom
INV000817,CUST0094,2024-11-09 06:41:00,2,29.27,58.54,Beauty,Netherlands
INV002682,CUST0002,2024-11-09 10:48:00,10,338.13,3381.3,Clothing,United Kingdom
INV002401,CUST0102,2024-11-09 11:32:00,2,85.87,171.74,Clothing,United Kingdom
INV000347,CUST0163,2024-11-09 18:54:00,2,81.81,163.62,Sports,United Kingdom
INV001962,CUST0222,2024-11-09 19:09:00,2,43.3,86.6,Home & Kitchen,Germany
INV002285,CUST0001,2024-11-09 21:00:00,5,57.93,289.65,Clothing,United Kingdom
INV000037,CUST0221,2024-11-09 21:11:00,4,115.57,462.28,Electronics,France
INV001041,CUST0069,2024-11-10 04:58:00,1,44.12,44.12,Beauty,United Kingdom
INV002341,CUST0086,2024-11-10 15:51:00,3,67.38,202.14,Home & Kitchen,France
INV000894,CUST0063,2024-11-10 23:47:00,4,126.76,507.04,Clothing,United Kingdom
INV000177,CUST0218,2024-11-11 04:17:00,3,133.97,401.91,Electronics,United Kingdom
INV000166,CUST0069,2024-11-11 08:12:00,1,47.98,47.98,Clothing,United Kingdom
INV001804,CUST0113,2024-11-11 17:33:00,9,197.76,1779.84,Beauty,Spain
INV000624,CUST0216,2024-11-12 11:36:00,1,54.43,54.43,Electronics,United Kingdom
INV002267,CUST0120,2024-11-12 13:47:00,4,75.57,302.28,Electronics,United Kingdom
INV000994,CUST0155,2024-11-12 14:04:00,7,342.27,2395.89,Home & Kitchen,United Kingdom
INV000543,CUST0006,2024-11-12 14:28:00,1,26.98,26.98,Beauty,United Kingdom
INV001961,CUST0153,2024-11-12 21:38:00,1,58.87,58.87,Sports,Germany
INV000403,CUST0141,2024-11-13 00:27:00,5,76.31,381.55,Electronics,United Kingdom
INV002833,CUST0117,2024-11-13 11:15:00,2,118.38,236.76,Beauty,United Kingdom
INV001043,CUST0011,2024-11-13 12:47:00,1,36.14,36.14,Clothing,Netherlands
INV001798,CUST0039,2024-11-13 18:37:00,3,80.78,242.34,Electronics,United Kingdom
INV002497,CUST0078,2024-11-13 18:55:00,1,63.91,63.91,Electronics,France
INV002643,CUST0036,2024-11-13 21:57:00,1,121.29,121.29,Clothing,Germany
INV002952,CUST0164,2024-11-14 16:15:00,3,69.48,208.44,Clothing,Spain
INV000975,CUST0179,2024-11-14 17:52:00,7,158.35,1108.45,Clothing,United Kingdom
INV000729,CUST0215,2024-11-15 13:55:00,6,92.51,555.06,Electronics,United Kingdom
INV001830,CUST0221,2024-11-15 20:44:00,5,80.85,404.25,Clothing,United Kingdom
INV000218,CUST0163,2024-11-15 20:57:00,3,26.45,79.35,Electronics,Spain
INV002173,CUST0115,2024-11-16 02:28:00,3,80.92,242.76,Home & Kitchen,United Kingdom
INV001801,CUST0013,2024-11-16 04:28:00,14,127.54,1785.56,Clothing,United Kingdom
INV001116,CUST0117,2024-11-16 07:42:00,5,146.73,733.65,Clothing,United Kingdom
INV002547,CUST0173,2024-11-16 16:10:00,6,74.59,447.54,Electronics,United Kingdom
INV000425,CUST0161,2024-11-16 16:17:00,2,111.02,222.04,Clothing,Germany
INV000764,CUST0218,2024-11-17 09:55:00,3,87.64,262.92,Sports,United Kingdom
INV002399,CUST0238,2024-11-17 10:28:00,1,12.56,12.56,Home & Kitchen,Spain
INV000741,CUST0111,2024-11-17 17:51:00,5,94.51,472.55,Clothing,Spain
INV001059,CUST0210,2024-11-18 12:36:00,1,34.8,34.8,Sports,United Kingdom
INV001681,CUST0216,2024-11-18 18:30:00,1,41.94,41.94,Beauty,France
INV000265,CUST0021,2024-11-18 22:47:00,3,53.08,159.24,Electronics,France
INV001650,CUST0110,2024-11-19 03:42:00,1,54.62,54.62,Electronics,Germany
INV000391,CUST0189,2024-11-20 03:36:00,4,81.32,325.28,Home & Kitchen,Germany
INV002186,CUST0026,2024-11-20 11:39:00,7,130.58,914.06,Clothing,United Kingdom
INV001385,CUST0054,2024-11-20 12:09:00,5,141.46,707.3,Electronics,United Kingdom
INV001179,CUST0211,2024-11-20 19:39:00,1,60.99,60.99,Beauty,France
INV002771,CUST0163,2024-11-21 01:48:00,7,44.47,311.29,Electronics,Germany
INV002608,CUST0160,2024-11-21 04:21:00,4,129.53,518.12,Beauty,France
INV000407,CUST0058,2024-11-21 05:19:00,1,25.81,25.81,Clothing,United Kingdom
INV001810,CUST0188,2024-11-21 08:39:00,3,62.95,188.85,Clothing,United Kingdom
INV001636,CUST0226,2024-11-21 10:11:00,2,47.43,94.86,Electronics,United Kingdom
INV001715,CUST0187,2024-11-21 13:18:00,5,158.66,793.3,Home & Kitchen,United Kingdom
INV002735,CUST0150,2024-11-21 17:13:00,2,47.66,95.32,Electronics,Netherlands
INV001878,CUST0029,2024-11-21 19:45:00,3,67.15,201.45,Electronics,United Kingdom
INV001310,CUST0158,2024-11-21 21:41:00,5,135.14,675.7,Home & Kitchen,Germany
INV001820,CUST0074,2024-11-21 23:15:00,6,99.16,594.96,Beauty,Spain
INV001782,CUST0023,2024-11-22 01:41:00,2,110.99,221.98,Clothing,United Kingdom
INV000536,CUST0098,2024-11-22 20:17:00,4,62.56,250.24,Beauty,Germany
INV001989,CUST0018,2024-11-22 20:44:00,2,106.76,213.52,Electronics,Germany
INV000874,CUST0139,2024-11-22 22:59:00,1,50.65,50.65,Sports,United Kingdom
INV001918,CUST0058,2024-11-22 23:03:00,1,44.38,44.38,Sports,Germany
INV000593,CUST0222,2024-11-23 06:13:00,1,80.9,80.9,Clothing,Netherlands
INV000580,CUST0250,2024-11-23 06:55:00,8,82.95,663.6,Beauty,United Kingdom
INV000136,CUST0034,2024-11-23 07:39:00,6,350.78,2104.68,Electronics,Spain
INV000007,CUST0128,2024-11-23 15:31:00,6,122.05,732.3,Clothing,United Kingdom
INV002364,CUST0196,2024-11-23 16:03:00,4,72.81,291.24,Electronics,United Kingdom
INV002906,CUST0124,2024-11-23 22:53:00,2,32.23,64.46,Beauty,France
INV001894,CUST0206,2024-11-24 12:45:00,1,36.38,36.38,Home & Kitchen,United Kingdom
INV000404,CUST0242,2024-11-24 12:48:00,8,231.78,1854.24,Clothing,United Kingdom
INV001727,CUST0037,2024-11-24 19:21:00,1,90.52,90.52,Beauty,Netherlands
INV002849,CUST0141,2024-11-24 19:42:00,10,262.2,2622.0,Sports,Netherlands
INV000459,CUST0144,2024-11-24 23:34:00,2,16.32,32.64,Beauty,United Kingdom
INV001983,CUST0139,2024-11-25 05:30:00,2,18.32,36.64,Clothing,United Kingdom
INV000822,CUST0247,2024-11-25 12:39:00,1,84.06,84.06,Clothing,United Kingdom
INV000225,CUST0101,2024-11-25 14:42:00,1,63.02,63.02,Home & Kitchen,France
INV000423,CUST0153,2024-11-25 23:09:00,1,49.31,49.31,Beauty,United Kingdom
INV000014,CUST0067,2024-11-26 02:53:00,2,52.24,104.48,Clothing,United Kingdom
INV000952,CUST0072,2024-11-26 05:17:00,2,50.64,101.28,Electronics,Germany
INV001978,CUST0245,2024-11-26 08:10:00,2,45.84,91.68,Beauty,United Kingdom
INV002627,CUST0169,2024-11-26 16:16:00,3,41.17,123.51,Home & Kitchen,Spain
INV001471,CUST0008,2024-11-26 21:22:00,7,109.88,769.16,Clothing,Spain
INV000401,CUST0195,2024-11-27 01:08:00,1,62.22,62.22,Home & Kitchen,United Kingdom
INV000656,CUST0183,2024-11-27 01:09:00,11,286.41,3150.51,Home & Kitchen,France
INV002607,CUST0199,2024-11-27 09:59:00,5,174.39,871.95,Clothing,Spain
INV001442,CUST0039,2024-11-27 16:07:00,6,169.58,1017.48,Clothing,United Kingdom
INV001654,CUST0057,2024-11-27 18:02:00,1,22.57,22.57,Clothing,United Kingdom
INV002935,CUST0215,2024-11-28 08:20:00,7,58.76,411.32,Beauty,United Kingdom
INV000927,CUST0064,2024-11-28 11:43:00,3,95.49,286.47,Clothing,United Kingdom
INV001072,CUST0120,2024-11-28 12:49:00,2,55.67,111.34,Beauty,United Kingdom
INV001252,CUST0032,2024-11-28 13:05:00,2,27.55,55.1,Clothing,Germany
INV000272,CUST0192,2024-11-28 20:55:00,5,194.91,974.55,Beauty,Spain
INV000360,CUST0230,2024-11-29 00:18:00,3,34.26,102.78,Clothing,United Kingdom
INV000633,CUST0132,2024-11-29 15:53:00,3,31.59,94.77,Sports,United Kingdom
INV000412,CUST0127,2024-11-29 22:06:00,4,105.15,420.6,Sports,United Kingdom
INV002334,CUST0247,2024-11-30 10:35:00,2,40.66,81.32,Beauty,United Kingdom
INV002650,CUST0136,2024-11-30 17:46:00,5,60.46,302.3,Sports,United Kingdom
INV000783,CUST0111,2024-11-30 21:33:00,2,58.95,117.9,Home & Kitchen,United Kingdom
INV001473,CUST0149,2024-12-01 04:02:00,1,22.9,22.9,Electronics,Spain
INV002934,CUST0138,2024-12-01 17:52:00,6,136.39,818.34,Electronics,United Kingdom
INV002510,CUST0144,2024-12-01 19:33:00,3,60.24,180.72,Electronics,United Kingdom
INV000784,CUST0008,2024-12-02 03:26:00,4,147.94,591.76,Electronics,United Kingdom
INV002998,CUST0021,2024-12-02 09:26:00,3,92.24,276.72,Electronics,United Kingdom
INV001325,CUST0237,2024-12-02 11:56:00,1,79.33,79.33,Clothing,Spain
INV002128,CUST0202,2024-12-02 17:09:00,2,24.48,48.96,Sports,France
INV000614,CUST0030,2024-12-02 22:45:00,1,43.27,43.27,Beauty,United Kingdom
INV002820,CUST0065,2024-12-03 05:52:00,1,79.95,79.95,Beauty,Spain
INV001435,CUST0129,2024-12-03 06:10:00,1,32.49,32.49,Beauty,United Kingdom
INV001033,CUST0095,2024-12-03 13:47:00,4,90.44,361.76,Clothing,United Kingdom
INV000514,CUST0109,2024-12-03 18:01:00,3,49.85,149.55,Electronics,United Kingdom
INV000397,CUST0090,2024-12-04 05:13:00,2,59.27,118.54,Clothing,United Kingdom
INV002571,CUST0049,2024-12-04 06:46:00,1,56.69,56.69,Beauty,United Kingdom
INV000071,CUST0186,2024-12-04 09:42:00,2,159.04,318.08,Sports,Germany
INV001286,CUST0011,2024-12-04 14:50:00,1,42.1,42.1,Beauty,United Kingdom
INV001612,CUST0207,2024-12-04 17:46:00,2,57.63,115.26,Beauty,Netherlands
INV000888,CUST0130,2024-12-04 23:24:00,2,94.28,188.56,Beauty,United Kingdom
INV001824,CUST0063,2024-12-05 07:54:00,4,110.22,440.88,Clothing,Spain
INV002657,CUST0013,2024-12-05 10:15:00,8,155.53,1244.24,Beauty,Netherlands
INV002979,CUST0141,2024-12-06 03:00:00,10,217.33,2173.3,Beauty,Netherlands
INV002245,CUST0105,2024-12-06 13:45:00,7,192.34,1346.38,Clothing,United Kingdom
INV002671,CUST0067,2024-12-06 17:22:00,1,29.09,29.09,Electronics,United Kingdom
INV000648,CUST0235,2024-12-06 18:03:00,1,35.78,35.78,Clothing,United Kingdom
INV000383,CUST0071,2024-12-07 02:17:00,3,170.01,510.03,Electronics,Germany
INV002620,CUST0085,2024-12-07 12:24:00,1,53.82,53.82,Home & Kitchen,Spain
INV000390,CUST0019,2024-12-08 02:58:00,7,77.15,540.05,Home & Kitchen,United Kingdom
INV000582,CUST0182,2024-12-08 09:09:00,2,16.75,33.5,Electronics,Germany
INV002048,CUST0106,2024-12-08 18:44:00,1,49.58,49.58,Clothing,United Kingdom
INV000780,CUST0111,2024-12-08 19:02:00,5,94.48,472.4,Clothing,United Kingdom
INV000873,CUST0126,2024-12-09 02:36:00,1,33.36,33.36,Beauty,Germany
INV001757,CUST0092,2024-12-09 04:05:00,5,125.45,627.25,Clothing,United Kingdom
INV000914,CUST0117,2024-12-09 05:29:00,6,128.68,772.08,Home & Kitchen,United Kingdom
INV001074,CUST0072,2024-12-09 23:39:00,2,34.13,68.26,Electronics,United Kingdom
INV000732,CUST0130,2024-12-10 07:34:00,1,28.34,28.34,Clothing,United Kingdom
INV001174,CUST0222,2024-12-10 12:25:00,3,57.22,171.66,Clothing,Spain
INV000686,CUST0149,2024-12-10 16:10:00,1,55.86,55.86,Beauty,Germany
INV002951,CUST0160,2024-12-11 01:36:00,5,118.04,590.2,Home & Kitchen,United Kingdom
INV000307,CUST0100,2024-12-11 01:41:00,1,60.89,60.89,Sports,United Kingdom
INV001658,CUST0250,2024-12-11 07:22:00,5,154.06,770.3,Beauty,United Kingdom
INV001315,CUST0128,2024-12-11 16:55:00,3,124.2,372.6,Beauty,United Kingdom
INV000980,CUST0067,2024-12-11 17:51:00,1,49.78,49.78,Home & Kitchen,United Kingdom
INV001414,CUST0250,2024-12-11 19:01:00,4,99.92,399.68,Clothing,France
INV001190,CUST0019,2024-12-12 15:57:00,4,45.71,182.84,Home & Kitchen,United Kingdom
INV000933,CUST0014,2024-12-12 19:11:00,1,36.93,36.93,Clothing,United Kingdom
INV000268,CUST0138,2024-12-12 22:10:00,9,191.54,1723.86,Clothing,United Kingdom
INV000341,CUST0186,2024-12-12 23:21:00,5,140.14,700.7,Clothing,United Kingdom
INV002806,CUST0163,2024-12-13 00:35:00,2,45.06,90.12,Clothing,France
INV002038,CUST0103,2024-12-13 12:54:00,1,90.14,90.14,Sports,Germany
INV000489,CUST0246,2024-12-13 13:07:00,9,255.45,2299.05,Home & Kitchen,United Kingdom
INV000713,CUST0081,2024-12-13 17:24:00,8,125.96,1007.68,Clothing,Spain
INV000059,CUST0115,2024-12-13 19:44:00,3,74.12,222.36,Home & Kitchen,United Kingdom
INV000610,CUST0038,2024-12-14 01:43:00,1,56.89,56.89,Clothing,United Kingdom
INV002905,CUST0164,2024-12-14 03:30:00,3,56.52,169.56,Clothing,Germany
INV001833,CUST0148,2024-12-14 14:35:00,1,75.97,75.97,Beauty,Germany
INV002924,CUST0133,2024-12-15 05:04:00,2,44.75,89.5,Electronics,Netherlands
INV002864,CUST0211,2024-12-15 10:34:00,1,51.56,51.56,Sports,United Kingdom
INV000698,CUST0045,2024-12-15 19:07:00,1,95.5,95.5,Electronics,Spain
INV002791,CUST0158,2024-12-15 19:49:00,1,95.88,95.88,Beauty,United Kingdom
INV001462,CUST0057,2024-12-15 23:34:00,2,38.11,76.22,Beauty,Spain
INV000687,CUST0070,2024-12-16 00:52:00,12,181.3,2175.6,Sports,Germany
INV001395,CUST0011,2024-12-16 03:07:00,1,46.73,46.73,Electronics,United Kingdom
INV001548,CUST0214,2024-12-16 04:01:00,1,43.95,43.95,Clothing,United Kingdom
INV002074,CUST0111,2024-12-16 06:54:00,5,86.16,430.8,Sports,United Kingdom
INV001665,CUST0047,2024-12-16 08:36:00,2,56.46,112.92,Clothing,United Kingdom
INV001247,CUST0162,2024-12-16 13:45:00,3,85.63,256.89,Clothing,Germany
INV001114,CUST0180,2024-12-16 21:31:00,1,45.42,45.42,Clothing,United Kingdom
INV002731,CUST0030,2024-12-17 10:58:00,2,45.64,91.28,Clothing,France
INV002940,CUST0065,2024-12-17 11:37:00,3,82.77,248.31,Electronics,Germany
INV002914,CUST0062,2024-12-17 16:14:00,5,59.74,298.7,Electronics,France
INV000704,CUST0121,2024-12-18 00:44:00,7,149.67,1047.69,Electronics,United Kingdom
INV002382,CUST0063,2024-12-18 01:18:00,5,159.77,798.85,Electronics,Spain
INV002599,CUST0149,2024-12-18 06:09:00,1,40.47,40.47,Home & Kitchen,United Kingdom
INV002494,CUST0214,2024-12-18 14:24:00,1,34.05,34.05,Beauty,United Kingdom
INV000651,CUST0203,2024-12-18 16:54:00,1,31.11,31.11,Clothing,United Kingdom
INV001389,CUST0181,2024-12-19 01:06:00,4,57.67,230.68,Beauty,United Kingdom
INV001161,CUST0177,2024-12-19 03:26:00,4,101.76,407.04,Home & Kitchen,Germany
INV001669,CUST0099,2024-12-19 13:47:00,2,44.87,89.74,Home & Kitchen,France
INV002850,CUST0031,2024-12-19 22:49:00,3,88.75,266.25,Home & Kitchen,Spain
INV002238,CUST0014,2024-12-20 07:55:00,1,24.85,24.85,Beauty,United Kingdom
INV000566,CUST0173,2024-12-20 15:23:00,1,102.84,102.84,Electronics,Netherlands
INV001695,CUST0098,2024-12-20 18:36:00,2,56.65,113.3,Home & Kitchen,France
INV002890,CUST0007,2024-12-20 23:47:00,1,25.42,25.42,Sports,Germany
INV000231,CUST0074,2024-12-21 13:13:00,4,105.68,422.72,Beauty,Germany
INV001633,CUST0011,2024-12-21 14:51:00,1,52.58,52.58,Clothing,Spain
INV002275,CUST0189,2024-12-21 17:50:00,1,59.34,59.34,Electronics,France
INV000345,CUST0122,2024-12-22 03:48:00,4,135.33,541.32,Sports,France
INV000565,CUST0051,2024-12-22 11:12:00,8,288.15,2305.2,Electronics,Germany
INV002818,CUST0095,2024-12-22 14:58:00,2,52.96,105.92,Electronics,Spain
INV001123,CUST0090,2024-12-22 19:22:00,4,50.17,200.68,Beauty,Germany
INV001896,CUST0022,2024-12-22 21:39:00,1,42.02,42.02,Clothing,Spain
INV002109,CUST0221,2024-12-22 22:42:00,4,163.04,652.16,Clothing,Spain
INV001188,CUST0144,2024-12-22 23:45:00,5,69.98,349.9,Beauty,United Kingdom
INV001881,CUST0099,2024-12-23 04:08:00,1,42.45,42.45,Beauty,United Kingdom
INV000498,CUST0240,2024-12-23 04:31:00,1,74.51,74.51,Sports,United Kingdom
INV000122,CUST0229,2024-12-23 11:36:00,4,90.61,362.44,Electronics,Germany
INV001340,CUST0037,2024-12-23 16:00:00,6,84.14,504.84,Sports,United Kingdom
INV000700,CUST0073,2024-12-23 16:12:00,1,50.71,50.71,Sports,United Kingdom
INV001818,CUST0158,2024-12-23 16:49:00,4,121.57,486.28,Electronics,Spain
INV001493,CUST0010,2024-12-23 19:22:00,5,116.41,582.05,Sports,Netherlands
INV002234,CUST0139,2024-12-24 13:45:00,2,53.37,106.74,Home & Kitchen,United Kingdom
INV002521,CUST0094,2024-12-24 15:19:00,4,16.08,64.32,Clothing,United Kingdom
INV001561,CUST0170,2024-12-24 20:22:00,2,62.97,125.94,Clothing,Germany
INV002741,CUST0245,2024-12-25 00:25:00,1,9.54,9.54,Clothing,United Kingdom
INV002448,CUST0026,2024-12-25 18:45:00,2,141.1,282.2,Clothing,Spain
INV001258,CUST0244,2024-12-25 18:47:00,1,73.63,73.63,Electronics,United Kingdom
INV001930,CUST0018,2024-12-25 23:05:00,3,68.17,204.51,Home & Kitchen,Germany
INV001746,CUST0098,2024-12-26 03:00:00,1,35.59,35.59,Beauty,United Kingdom
INV002687,CUST0215,2024-12-26 05:19:00,5,104.3,521.5,Clothing,United Kingdom
INV000199,CUST0001,2024-12-26 08:28:00,4,61.82,247.28,Electronics,United Kingdom
INV002649,CUST0073,2024-12-26 10:09:00,2,31.85,63.7,Electronics,United Kingdom
INV002319,CUST0084,2024-12-26 10:16:00,1,54.02,54.02,Sports,Netherlands
INV001344,CUST0128,2024-12-26 11:22:00,3,104.78,314.34,Clothing,Spain
INV000359,CUST0145,2024-12-26 22:55:00,4,37.93,151.72,Clothing,United Kingdom
INV000977,CUST0179,2024-12-27 00:37:00,10,215.7,2157.0,Beauty,France
INV002930,CUST0246,2024-12-27 01:25:00,8,281.74,2253.92,Sports,Spain
INV001787,CUST0181,2024-12-27 03:31:00,3,88.9,266.7,Clothing,Germany
INV001941,CUST0053,2024-12-27 04:56:00,4,196.29,785.16,Clothing,France
INV002121,CUST0037,2024-12-27 11:10:00,1,55.29,55.29,Beauty,United Kingdom
INV002751,CUST0114,2024-12-27 16:50:00,3,122.2,366.6,Clothing,United Kingdom
INV000065,CUST0032,2024-12-28 00:07:00,1,58.17,58.17,Home & Kitchen,Germany
INV001129,CUST0219,2024-12-28 07:27:00,3,52.82,158.46,Clothing,United Kingdom
INV002753,CUST0066,2024-12-28 07:33:00,1,47.09,47.09,Beauty,Netherlands
INV002596,CUST0226,2024-12-28 08:55:00,1,33.12,33.12,Beauty,Germany
INV001326,CUST0025,2024-12-28 09:46:00,5,53.38,266.9,Clothing,Spain
INV002787,CUST0035,2024-12-28 23:13:00,6,72.2,433.2,Sports,United Kingdom
INV001423,CUST0190,2024-12-29 14:35:00,1,43.41,43.41,Home & Kitchen,Germany
INV002917,CUST0155,2024-12-29 16:43:00,4,209.66,838.64,Electronics,United Kingdom
INV000120,CUST0183,2024-12-29 23:54:00,7,277.71,1943.97,Clothing,Spain
INV002325,CUST0080,2024-12-30 02:27:00,1,38.54,38.54,Beauty,Spain
INV000336,CUST0057,2024-12-30 03:00:00,1,31.98,31.98,Electronics,United Kingdom
INV000905,CUST0094,2024-12-30 21:32:00,2,75.48,150.96,Sports,United Kingdom
INV000766,CUST0044,2024-12-31 00:21:00,5,201.76,1008.8,Home & Kitchen,United Kingdom
INV002424,CUST0149,2024-12-31 00:48:00,1,8.68,8.68,Beauty,Germany
INV001767,CUST0181,2024-12-31 03:09:00,3,79.84,239.52,Sports,United Kingdom
INV002465,CUST0228,2024-12-31 08:20:00,3,79.75,239.25,Beauty,Netherlands
INV001977,CUST0246,2024-12-31 09:36:00,10,153.2,1532.0,Home & Kitchen,Netherlands
INV001959,CUST0046,2024-12-31 10:00:00,7,109.82,768.74,Clothing,France
INV000708,CUST0094,2024-12-31 10:48:00,4,48.24,192.96,Clothing,Spain
INV000178,CUST0176,2024-12-31 16:11:00,1,45.52,45.52,Electronics,United Kingdom
